R	unus	uni/oun	拉丁语 unus（一，单独一个）；unio 指「一整个、独头的那颗」，罗马农人拿它称独头蒜，经古法语 oignon 进英语；uncia 是「十二分之一，一个小单位」，派出 ounce	one thing standing whole and alone / 单独一个，囫囵一整个	一根手指立在桌上，旁边空着，就这一个，再没有第二个	one, single	one	独一	domain-shape
R	laxare	lax/leas/lay	拉丁语 laxare（松开、放开），来自 laxus（松的、不紧的）；经古法语 laissier（撂下不管）与 relaier（放开新犬接替）一支进英语，relais 本指撂下没带走的那部分	to let the tight go slack / 把绷紧的一放，那股劲就退了	手里攥的绳子一寸寸往外送，绷起的那股劲慢慢没了	to loosen, let go	loosen	松开	domain-hold
R	salvus	saf/salv/salut	拉丁语 salvus（未受伤的、完好的），与 salus（属格 salutis：安好、健康）同支；salutare 是问一声安好，晚期拉丁语 salvare（使完好）经古法语 sauver 进英语	whole and unhurt, nothing lost / 囫囵完好，一点没伤没缺	大风过去，屋顶瓦一块没掉，人从门里走出来，身上干干净净	unharmed, whole	unharmed	完好无伤	domain-hold
R	insula	insul/isl/isol	拉丁语 insula（岛）；古法语 isle 进英语成 isle，意大利语 isolato（成了岛的）派出 isolate，paene（几乎）加 insula 指几乎成岛的那块地	land cut off by water all round / 四面是水，跟别处断开的一块地	一块地四周全是水，船撑走了，剩下的人再没有路通到对岸	island	island	四面隔水	domain-shape
R	poena	pain/pen/pun	拉丁语 poena（罚、赔命的那笔账），借自希腊语 poinē（血债、赎金）；poenalis 派出 penalty，punire（施罚）经古法语 punir 进英语	the price exacted for a wrong / 做错事被讨回去的那笔账	打碎了别人的东西，被人按住不许走，非得赔上一笔才放行	penalty, punishment	penalty	受罚之苦	domain-force
R	idein	ide/idea/ideo	希腊语 idein（看见），名词 idea 本指看见时现出的那个形相；柏拉图拿它指事物背后那个完好的样子，故 idealis 是合于那个样子的	the form a thing shows when seen / 一样东西被看见时现出的那个形	眼睛一扫，那个形状先落进心里，东西搬走了，形状还在	to see, the form seen	form	所见之形	domain-perceive
W	onion	noun	/ˈʌnjən/	unus	unus（一）→ unio（独头的一整个）→ 一层层裹成的那一颗	古法语 oignon ← 拉丁语 unio（属格 unionis：一整个、独头的那颗），罗马农人拿它称独头蒜	a round vegetable with many layers and a strong smell	一层裹一层的球，刀切下去眼睛就开始发酸流泪	洋葱/葱头	She chopped an onion for the soup.|Fry the onions until soft.	a bulb grown as one layered ball – 一层层裹成一个球的那种根菜	洋葱：一层层裹成一整颗、辣眼睛的那种菜|葱头：同一样东西，说的是它圆鼓鼓的那颗	
W	ounce	noun	/aʊns/	unus	unus（一）→ uncia（十二分之一，一个小单位）→ 秤上最小的那一格	古法语 unce ← 拉丁语 uncia（十二分之一，一个单位），罗马的一磅分十二份，inch 亦出此词	a unit of weight equal to about 28 grams; a very small amount	秤盘上放一枚小铜片，指针只挪了一格，轻得几乎压不住手	盎司/一点点	Add two ounces of butter.|He showed not an ounce of fear.	the smallest single notch on the scale – 秤上最小的那一个刻度	盎司：约二十八克的那个重量单位|一点点：少到只够一格，多用于说连这么点都没有	
W	unanimous	adjective	/juːˈnænɪməs/	unus	unus（一）+ animus（心气）→ 众人一条心	拉丁语 unanimus（同心的）← unus（一）+ animus（心、气）	agreed on by everyone, with nobody against it	举手表决，一屋子人的手全举起来，没有一只按下去	全体一致的/一致同意的	The committee vote was unanimous.|They were unanimous in praising her.	all minds turned the same way – 所有人的心朝着同一个方向	全体一致的：屋里每个人都站同一边，没有反对的|一致同意的：这一致落在同意上，表决时全票通过	
W	unify	verb	/ˈjuːnɪfaɪ/	unus	uni-（unus 一）+ -fy（使成为）→ 使合成一个	晚期拉丁语 unificare（使成一体）← unus（一）+ -ficare（使成为）	to bring separate parts together so they work as one	几家小铺子打通了门板，挂上同一块招牌，从外面看就是一家	统一/使成一体	The king unified the warring tribes.|One rule unifies the two systems.	to make many run as one – 把好几份弄成一份来运作	统一：把分散的几方并到一处、归到同一套规矩下|使成一体：并过之后彼此不再分开，当一个整的来用	
W	union	noun	/ˈjuːnjən/	unus	unus（一）→ unio（并成一个）→ 合起来之后的那个整体	古法语 union ← 晚期拉丁语 unio（属格 unionis：合为一体）← unus（一）	the act of joining together, or a group formed by joining	两条河在山口汇到一处，往下游只剩一道水面	联合/工会/联盟	The workers formed a union.|Their union lasted forty years.	separate parts made into one body – 分开的几份并成一个身子	联合：并到一处这件事本身|工会：工人并成一处、替大家说话的那个组织|联盟：几方长期并在一处的那种安排	
W	unique	adjective	/juːˈniːk/	unus	unus（一）→ unicus（只此一个）→ 独此一份，再无第二	法语 unique ← 拉丁语 unicus（唯一的、独一个的）← unus（一）	being the only one of its kind	一屋子瓶子长得一样，只有那只釉色歪了，别处再找不出第二只	独一无二的/独特的	Every single fingerprint is unique.|The town has a unique charm.	the only one of its kind anywhere – 同类里只有这一个，别处没有	独一无二的：世上只此一件，找不出第二件|独特的：不必真只有一件，但那个特点别处没有	
W	unit	noun	/ˈjuːnɪt/	unus	unus（一）→ unitas（一个整的）→ 算作一个来数的那一份	16 世纪造词，仿拉丁语 unitas（一个整体）而成，用来译欧几里得的「可数的一」← unus（一）	a single thing or amount counted as one whole	货架上一排牛奶，一盒算一份，点数时就这么一盒一盒数	单位/单元/部件	The book has twelve short units.|Price is given per unit.	one whole taken as the thing you count – 拿来当一个整的来点数的那份	单位：计量时定下的那一份，如一米一克|单元：整套东西里划出的一段，如课本的一章|部件：整机里能单独拆出来算一个的那块	
W	unite	verb	/juːˈnaɪt/	unus	unus（一）→ unire（使成一个）→ 并到一处成一个	拉丁语 unire（使合为一）的过去分词 unitus ← unus（一）	to join together, or to act together as one	几股细线捻到一处，成了一根，再拉不断	联合/团结/合并	The threat united the villagers.|They united to fight the plan.	to come into one from many – 从好几份走到一份	联合：几方并到一处，一同行动|团结：并在一处之后彼此不散，劲往一个方向使|合并：两方并成一方，原来的界线取消	
W	unity	noun	/ˈjuːnəti/	unus	unus（一）→ unitas（成为一个的状态）→ 许多份合成一个	拉丁语 unitas（属格 unitatis：一体、合一）← unus（一）	the state of being joined together or acting as one	拔河的一队人同时后仰，绳子那头看过去像一个人在拉	统一/团结/整体	The team showed real unity.|He called for national unity.	many parts holding as one thing – 许多份撑成一样东西	统一：分开的部分并到一处、不再各行其是的那个状态|团结：人心不散，做事的劲朝一个方向|整体：从外面看只见一样东西，看不出是拼起来的	
W	universal	adjective	/ˌjuːnɪˈvɜːsl/	unus	unus（一）+ versus（转成的）→ universus（合成一整个）→ 一个不落全算在内	古法语 universel ← 拉丁语 universalis ← universus（合成一整个的）← unus（一）+ versus（转成的）	true of or applying to everyone and everywhere	同一张表格发到各国，格式一模一样，谁拿到都照着填	普遍的/通用的/全体的	Clean water is a universal need.|The rule is not universal.	holding everywhere with nothing left out – 处处都算得上，一个不落	普遍的：到哪里都成立，不限某地某人|通用的：一样东西各处都能用，不必换|全体的：说的是所有人所有件，没有例外	
W	universe	noun	/ˈjuːnɪvɜːs/	unus	unus（一）+ versus（转成的）→ universum（合成一整个的那全部）→ 无边无际的那一整个	古法语 univers ← 拉丁语 universum（全部合成的那一个）← universus ← unus（一）+ versus（转成的）	all of space and everything that exists in it	夜里躺在田里往上看，黑的那一片没有边，什么都在里头	宇宙/万物	The whole universe keeps expanding.|She wondered how the universe began.	everything there is taken as one whole – 所有存在的东西合起来算一个	宇宙：星辰与空间合起来的那个没有边的整体|万物：同一个整体，说的是里头装着的所有东西	
W	university	noun	/ˌjuːnɪˈvɜːsəti/	unus	unus（一）→ universitas（合成一体的那群人）→ 师生结成的一个整体	中世纪拉丁语 universitas（结成一体的团体，本指师生行会）← universus ← unus（一）	a place where students study for degrees after school	一片连着的楼和草坪，年轻人夹着书从这栋走到那栋	大学/高等学府	She teaches at a small university.|He left university after one year.	teachers and students bound into one body – 教的人和学的人结成的一个团体	大学：能授学位、中学之后去读的那种学校|高等学府：同一类地方，说的是它在学制里的层级	
W	lease	noun / verb	/liːs/	laxare	laxare（松开）→ laissier（撂下不管）→ 把手里的地方撂给别人用一段	盎格鲁法语 les ← 古法语 laissier（撂下、让出）← 拉丁语 laxare（松开）	a contract letting someone use property for a fixed time	房东把钥匙推过桌面，纸上写明用到哪一天，这期间他不再进那扇门	租约/租期	They signed a two-year lease.|He leased the shop to her.	to let go of what you hold, for a set time – 把手里的撂给别人，讲定多久	租约：讲明让出多久、收多少的那份契|租期：同一份契里划出的那段时间	
W	relax	verb	/rɪˈlæks/	laxare	re-（往回）+ lax（laxare 松开）→ 把绷起来的那股劲送回去	拉丁语 relaxare（放松、松开）← re-（回）+ laxare（松开）	to become less tense, or to make a rule less strict	攥了一晚的笔终于放下，肩膀往椅背上一沉	放松/松弛/放宽	Sit down and relax for a while.|The rules were relaxed last year.	to let the pulled-tight go back – 让绷紧的退回原样	放松：身上或心里那股绷着的劲退掉|松弛：肌肉或皮不再绷紧，垮下来一点|放宽：把管得死的条文往松处挪	
W	relay	noun / verb	/ˈriːleɪ/	laxare	re-（接着）+ lay（laxare 放开）→ 放开手里的，交给接手的那一个	古法语 relaier（放开新犬接替）← re-（再）+ laier ← 拉丁语 laxare（松开）	a race or process in which each one passes on to the next	前一个人把棍子塞进后一个人手里，自己立刻慢下来喘气	接力/转达/中继	She ran the final relay leg.|He relayed the message to me.	the first lets go as the next takes hold – 前一个松手，后一个接住	接力：几人一段段跑、手手相交的那种赛|转达：把话从一个人手里递到另一个人|中继：中间那一站，把信号接过来再送出去	
W	release	verb / noun	/rɪˈliːs/	laxare	re-（回）+ lease（laxare 松开）→ 手一松，让它走	古法语 relessier ← 拉丁语 relaxare（松开）← laxare（松开）	to set free, or to let something out to the public	铁门推开一条缝，人从里头走出来，锁挂在旁边开着	释放/放开/发布	They released the birds at dawn.|The band released a new album.	to open the hand and let it go – 手一开，任它出去	释放：把关着的人或物放走|放开：手上不再攥着，也用于放开管制|发布：把攥在手里没公开的东西放出去给众人	
W	relish	noun / verb	/ˈrelɪʃ/	laxare	laxare（放开）→ relaisser（撂下不带走）→ 咽下之后撂在嘴里的那一点	古法语 reles（残留的那点味）← relaisser（撂下、留下）← 拉丁语 relaxare ← laxare（松开）	great enjoyment of something, or a spicy sauce eaten with food	咽下去之后嘴里还留着一股，人闭着眼又回想了一遍	滋味/享受/佐料	He ate with obvious relish.|She relished the quiet evening.	what stays behind after the mouthful – 一口咽下去之后留在嘴里的那点	滋味：吃过之后留在嘴里的那股味|享受：把那点留下的味细细尝，引申为乐在其中|佐料：拌在菜里专为出那股味的酱	
W	safe	adjective / noun	/seɪf/	salvus	salvus（完好）→ 古法语 sauf → 没伤着、也碰不着的状态	古法语 sauf ← 拉丁语 salvus（未受伤的、完好的）	not in danger and not hurt; a strong box for valuables	孩子从街上跑进院里，母亲把门闩上，外头的车声就隔在门外	安全的/平安的/保险箱	The children are safe at home.|He locked the papers in a safe.	whole, and out of harm's reach – 囫囵着，且伤不着	安全的：处在伤害到不了的地方|平安的：走过一段险处而人没损，多说结果|保险箱：厚铁做的柜，让里头的东西也处在伤害之外	
W	safety	noun	/ˈseɪfti/	salvus	salvus（完好）→ salvitas（完好的状态）→ 不会伤着的那个状态	古法语 sauveté ← 中世纪拉丁语 salvitas ← salvus（完好的）	the state of being free from danger or harm	工人下井前先把绳扣在腰上，扣好才敢往下踩	安全/平安/保险装置	Check the safety of the ladder.|They worried about her safety.	the condition of nothing being able to hurt you – 伤害碰不到你的那个状态	安全：不会受伤、不会出事的那个状态|平安：人事过后没损没伤，偏说结果|保险装置：机器上专防出事的那个部件	
W	salute	verb / noun	/səˈluːt/	salvus	salvus（完好）→ salus（安好）→ salutare（问一声安好）→ 抬手道一声安好	拉丁语 salutare（问候、致敬）← salus（属格 salutis：安好、健康），与 salvus（完好的）同支	to greet someone with a formal gesture of respect	士兵右手一抬贴到帽檐，脚跟并拢，眼睛直看着对面	敬礼/致敬/问候	The soldiers saluted the flag.|He raised his glass in salute.	to wish another's wholeness aloud – 当面道一声你安好	敬礼：抬手贴帽檐那套规定动作|致敬：用动作或话把看重之意表出来|问候：见面时道一声安好	
W	salvation	noun	/sælˈveɪʃn/	salvus	salvus（完好）→ salvare（使完好）→ salvatio（救回这件事）→ 从毁里被拉回完好	古法语 salvacion ← 晚期拉丁语 salvatio（拯救）← salvare（使完好）← salvus（完好的）	the act of being saved from harm, ruin, or sin	船斜得快翻了，上头抛下一条绳，人抓住被一寸寸拉上去	救赎/拯救/救星	They prayed quietly for salvation.|That loan was our salvation.	being pulled back from ruin into wholeness – 从要毁的地方被拉回到完好	救赎：宗教里灵魂从罪里被救回|拯救：从要毁的境地把人或物拉回来|救星：把人拉回来的那个人或那件事	
W	save	verb	/seɪv/	salvus	salvus（完好）→ salvare（使完好）→ 使它保住不损	古法语 sauver ← 晚期拉丁语 salvare（使完好、使不失）← salvus（完好的）	to keep someone or something from harm or loss	他一手把人从水里拽上岸，另一只手还攥着那袋没花掉的钱	救/储存/节省	He saved the boy from drowning.|She saves half her wages.	to keep it whole instead of losing it – 让它保住，别损掉	救：把人或物从要毁的地方拉出来|储存：把东西留住不动，日后还在|节省：本要花掉的没花，留了下来	
W	insulate	verb	/ˈɪnsjuleɪt/	insula	insula（岛）→ insulatus（做成岛的）→ 四周围断，什么也过不去	拉丁语 insulatus（做成岛的）← insula（岛）	to cover something so heat, sound, or electricity cannot pass	电线外面裹一层胶皮，手按上去一点也不打手	隔绝/绝缘/保温	They insulated the roof last winter.|Rubber insulates the copper wire.	to ring it round so nothing crosses – 四周围死，什么都过不来	隔绝：四周围住，让外头的东西过不来|绝缘：围的是电，让电流走不出去|保温：围的是热，让热跑不掉	
W	isle	noun	/aɪl/	insula	insula（岛）→ 古法语 isle → 水里那一小块地	古法语 isle ← 拉丁语 insula（岛）；英语拼写里那个 s 是后人照拉丁词形补回去的	a small island, used mostly in names and poems	一小块地浮在水面上，走一圈用不了几分钟	小岛/岛	They sailed to a rocky isle.|The isle lies off the coast.	a little patch of land ringed by water – 被水围住的一小块地	小岛：面积不大、四面是水的那块地|岛：同一样东西，多见于地名与诗里的旧称	
W	isolate	verb	/ˈaɪsəleɪt/	insula	insula（岛）→ 意大利语 isolato（成了岛的）→ 把它弄成四面不连的一块	意大利语 isolato（成了岛的、孤立的）← 拉丁语 insula（岛），经法语 isolé 进英语	to keep someone or something apart from others	病人被推进单独一间，门关上，外头的人只在玻璃后头看	隔离/孤立/分离出	They isolated the sick birds.|Scientists isolated the new virus.	to make it an island, joined to nothing – 弄成一座岛，跟谁都不连	隔离：把人或物单独关开，不让接触|孤立：让它跟周围断了往来，独自一个|分离出：从混在一起的东西里把那一样单挑出来	
W	peninsula	noun	/pəˈnɪnsjʊlə/	insula	paene（几乎）+ insula（岛）→ 差一点就成岛的那块地	拉丁语 paeninsula ← paene（几乎）+ insula（岛）	a piece of land almost surrounded by water	一条地从岸上伸进海里，三面是水，只剩根上一截连着	半岛	They drove down the peninsula.|The peninsula juts into the sea.	land that fell just short of being an island – 差一点就断成岛的那块地		
W	pain	noun / verb	/peɪn/	poena	poena（罚、要赔的那笔账）→ 古法语 peine（受的那份罪）→ 身上或心里那一下难受	古法语 peine（刑罚、苦）← 拉丁语 poena（罚、赔命的那笔账）	an unpleasant feeling in the body or mind	他弯下腰去，手按在膝盖上，牙关咬着不出声	疼痛/痛苦/使痛苦	She felt a sharp pain in her side.|It pained him to say no.	what the body is made to pay – 身上被讨去的那一笔	疼痛：身上某处传来的那股难受|痛苦：同一股难受落在心里|使痛苦：让人心里受这股难受	
W	painful	adjective	/ˈpeɪnfl/	poena	pain（poena 罚出来的那点难受）+ -ful（满是）→ 满是那股难受	pain（苦）＋ -ful（满是……的）合成，中古英语造词 ← 拉丁语 poena（罚）	causing pain in the body or distress in the mind	伤口一挨到水就往回缩，整条胳膊跟着一抖，脸也皱起来	疼的/痛苦的/令人难受的	The injection was quite painful.|It was a painful decision.	full of what hurts – 满是让人难受的那股	疼的：身上一碰就难受|痛苦的：心里那份难受，如做不下的决定|令人难受的：让旁人看着也不好受	
W	penalty	noun	/ˈpenlti/	poena	poena（罚）→ poenalis（关于罚的）→ 判下来要付的那一笔	中世纪拉丁语 poenalitas ← 拉丁语 poenalis（关于罚的）← poena（罚）	a punishment for breaking a rule or law	哨子一响，裁判指着球门前那个点，全场人都退到线外	处罚/罚款/罚球	The penalty for late payment is steep.|He scored from the penalty.	the price set for breaking a rule – 犯了规就得付的那笔	处罚：违规之后加在身上的那一下|罚款：那一下算成钱|罚球：球场上判给对方的那一脚或一投	
W	punish	verb	/ˈpʌnɪʃ/	poena	poena（罚）→ punire（施罚）→ 照那笔账讨回来	古法语 punir ← 拉丁语 punire（惩罚）← poena（罚）	to make someone suffer for doing something wrong	打碎玻璃的孩子被叫到墙角站着，一晚上不许出门	惩罚/处罚/重创	The school punished him for cheating.|They were punished quite harshly.	to collect the price for a wrong – 把做错事那笔账讨回来	惩罚：因做错事而让人吃苦头|处罚：按规矩定下的那种惩罚|重创：打得很惨，多用于比赛或战事	
W	dedicate	verb	/ˈdedɪkeɪt/	dict	de-（郑重地）+ dic（dicare 宣告）→ 当众说明这一样归谁	拉丁语 dedicare（宣告归属、献出）的过去分词 dedicatus ← de-（郑重）+ dicare（宣示归于）	to give your time or work to something, or to name a work in someone's honour	新桥落成，桥头牌子上刻着一个人的名字，从此这桥就算他的	奉献/致献/题献	She dedicated her life to teaching.|The book is dedicated to his mother.	to say aloud whose this is – 当众说出这归谁	奉献：把时间精力全交给某事|致献：正式宣告某物归于某人或某事|题献：在书上写明这本给谁	
W	index	noun	/ˈɪndeks/	dict	in-（朝着）+ dic（dicare 指明说出）→ 指给你看在哪儿的那样东西	拉丁语 index（属格 indicis：指示者、食指）← indicare（指出）← in-（朝）+ dicare（宣示）	an alphabetical list at the back of a book, or a number showing change	翻到书最后几页，词一条条排着，后面跟着页码	索引/指数/目录	Look it up in the index.|The price index rose again.	the finger that points to where it is – 那根指着东西在哪儿的手指	索引：书后按字母排的条目，指到页码|指数：一个数，指出物价或水平的高低变动|目录：列出内容在哪一处的那张表	
W	indicate	verb	/ˈɪndɪkeɪt/	dict	in-（朝着）+ dicare（宣示）→ 朝那一处点明，让人看见	拉丁语 indicare（指出、宣示）的过去分词 indicatus ← in-（朝）+ dicare（宣示）	to show, point out, or make something clear	他没说话，抬手往门那边一指，屋里人都跟着看过去	表明/指出/示意	The sign indicates the way out.|Her face indicated real surprise.	to point at it so others see – 朝那处一指，让人看见	表明：把情况摆明，让人知道|指出：把某一点单挑出来说|示意：不说话，用动作让人看懂	
W	idea	noun	/aɪˈdɪə/	idein	idein（看见）→ idea（看见时现出的那个形）→ 心里现出的那个形	拉丁语 idea ← 希腊语 idea（形相、样子）← idein（看见）	a thought or plan that forms in the mind	洗澡时忽然停住，手上还举着毛巾，眼睛看着一处不动	想法/主意/概念	She had a better idea.|The idea came to him suddenly.	the shape that forms in the mind – 心里现出来的那个形	想法：心里冒出来的那一个念头|主意：那个念头指向该怎么做|概念：把一类东西归成的那个形，如时间的概念	
W	ideal	adjective / noun	/aɪˈdɪəl/	idein	idea（心里那个形）+ -al（合于……的）→ 合于心里那个形的	晚期拉丁语 idealis（只存于形相的）← 希腊语 idea（形相）← idein（看见）	best possible, exactly what is wanted; a standard one aims at	图纸上画的那间屋，尺寸角度处处对得上，盖出来的总差一点	理想的/完美的/理想	This is the ideal spot for camping.|She fell short of her ideal.	matching the shape held in mind – 跟心里那个形一模一样	理想的：正好合上心里所要的那个样子|完美的：一点不差，挑不出短处|理想：心里立着的那个样子，用来当准头	
W	ideology	noun	/ˌaɪdiˈɒlədʒi/	idein	idea（观念）+ -logy（一套条理）→ 一套成系统的观念	法语 idéologie ← 希腊语 idea（形相、观念）+ -logia（学说）	a set of beliefs held by a group, especially in politics	墙上刷着几行口号，屋里人说话都从那几行里挑词	意识形态/思想体系	The party changed its ideology.|He rejected that whole ideology.	ideas built into one system – 观念搭成的一整套	意识形态：一群人共守的那套政治观念|思想体系：同一套观念，说的是它自成条理的结构	
W	pace	noun / verb	/peɪs/	passare	passare（迈步、经过）→ pas（跨出的一段）→ 跨出的那一步，以及跨得多快	古法语 pas（步子）← 拉丁语 pandere（张开）的过去分词，本指两腿张开跨出的那一段	the speed of walking or doing something; a single step	队伍走得又快又匀，后面的人得小跑才跟得上	步速/一步/踱步	He walked at a steady pace.|She paced the room all night.	how far one stride goes and how fast they come – 一步跨多远、跟得多密	步速：单位时间里跨出多少步，引申为做事快慢|一步：跨出去那一段距离|踱步：来回跨来跨去，多因心里不安	
W	passenger	noun	/ˈpæsɪndʒə/	passare	passare（经过）→ passage（通行）→ passagier（过路的那个人）	古法语 passagier（过路的人）← passage（通行）← 晚期拉丁语 passare（经过）	a person travelling in a vehicle but not driving it	有人握着票靠窗坐着，窗外的景一直往后退，手不碰方向盘	乘客/旅客	The bus carried forty passengers.|Passengers must show their tickets.	one carried through, not steering – 被载着过去、不掌方向的那个人	乘客：坐在车船飞机上被载着走的人|旅客：同一个人，说的是他在旅途上这层身份	
W	passport	noun	/ˈpɑːspɔːt/	passare	passare（通过）+ port（港口、城门）→ 准你过关口的那份凭据	法语 passeport ← passer（通过，← 晚期拉丁语 passare）+ port（港口、城门）	an official document allowing you to travel to other countries	关口前伸手递过一个小本，对方翻开比着脸看，盖个章又推回来	护照/通行凭证	She renewed her passport last month.|He lost his passport abroad.	leave to pass through the gate – 准许你从这道门过去	护照：出入国境用的那本官方证件|通行凭证：泛指凭它就能过去的东西，如通往成功的敲门砖	
W	potential	noun / adjective	/pəˈtenʃl/	posse	posse（能够）→ potentia（能力）→ potentialis（有那个能而未显出来）	晚期拉丁语 potentialis（有能力的）← potentia（能力）← potens（有力的）← posse（能够）	a quality that exists but has not yet been developed or shown	一粒种子攥在手里，看不出什么，埋下去几年后是一棵树	潜力/可能的/潜在的	The boy has real potential.|They discussed several potential buyers.	the power a thing has but has not shown – 有那个能，只是还没显出来	潜力：现在还没使出来、日后能使出来的那股能|可能的：还没成真但能成真的|潜在的：已经在那儿、只是没露头的	
W	power	noun	/ˈpaʊə/	posse	posse（能够）→ 通俗拉丁语 potere（能）→ 能把事做成的那股劲	盎格鲁法语 pouair ← 通俗拉丁语 potere（能够）← 拉丁语 posse（能够）/ potis（有力的）	the ability to do something or control others; energy that runs machines	闸一推上去，整条街的灯同时亮了	力量/权力/电力	She has the power to decide.|The storm cut off our power.	what makes doing possible – 让事情做得成的那样东西	力量：能把事做成的那股劲|权力：那股劲落在管人管事上|电力：那股劲落在机器上，推着它转	
W	powerful	adjective	/ˈpaʊəfl/	posse	power（posse 能成事的那股劲）+ -ful（满是）→ 满是那股能成事的劲	power（力）＋ -ful（满是……的）合成 ← 通俗拉丁语 potere ← 拉丁语 posse（能够）	having great strength, influence, or effect	机器压下来，钢板陷进去一寸，旁边的人往后退了半步	强大的/有力的/有影响的	The engine is very powerful.|He made a powerful speech.	full of what gets things done – 满是能把事做成的那股	强大的：本身劲头很足|有力的：那股劲使出来看得见效果|有影响的：那股劲落在人身上，说话有人听	
W	farm	noun / verb	/fɑːm/	firmare	firmare（使固定）→ firma（讲定的固定租额）→ 按固定租金签下的那片地	古法语 ferme（租约、按定额租下的地）← 中世纪拉丁语 firma（固定租额）← 拉丁语 firmare（使固定）	an area of land used for growing crops or keeping animals	一片圈起来的地，牲口棚挨着谷仓，边上插着界桩	农场/农田/养殖场	They bought a small farm.|He farms two hundred acres.	land held at a fixed rent – 按讲定的固定租额领下的那片地	农场：连着屋舍牲口、成一份产业的那片地|农田：那片地里种庄稼的部分|养殖场：同一份地专用来养禽畜鱼虾的	
W	farmer	noun	/ˈfɑːmə/	firmare	firmare（使固定）→ firma（固定租额）→ firmarius（按定额租地耕作的那个人）	古法语 fermier ← 中世纪拉丁语 firmarius（按定额租地的人）← firma ← firmare（使固定）	a person who owns or works on land growing crops or raising animals	天没亮就出门，胶靴上一层泥，手背晒得比袖子里深一截	农民/农场主	The farmer sold his wheat cheaply.|Farmers here depend on rain.	the one working land held at fixed rent – 按定额领下那片地来做活的人	农民：以耕种养畜为生的人|农场主：同一行里拥有那片地的那个人	
W	melody	noun	/ˈmelədi/			古法语 melodie ← 晚期拉丁语 melodia ← 希腊语 melōidia（歌唱）← melos（曲调）+ aoidē（歌）	a series of musical notes that make a pleasing tune	那几个音一路上去又落回来，听过一遍就能哼出来	旋律/曲调	The melody stayed in my head.|She hummed a simple melody.	notes strung in an order the ear follows – 音一个接一个排成耳朵跟得上的次序	旋律：高低起伏连成的那条线，能哼出来|曲调：同一条线，说的是它整支的样子	
W	tragedy	noun	/ˈtrædʒədi/			古法语 tragedie ← 拉丁语 tragoedia ← 希腊语 tragōidia ← tragos（山羊）+ aoidē（歌），本指祭仪上披羊皮合唱的那种戏	a serious play with a sad ending, or a very sad event	台上人一步步走向那个结局，台下都看出来了，谁也拦不住	悲剧/惨事	The play is a Greek tragedy.|The fire was a real tragedy.	a story walking straight into ruin – 一路直走进毁灭的那种戏	悲剧：结局败落的那种正剧|惨事：现实里那样的事，死伤或大损	
W	agent	noun	/ˈeɪdʒənt/	ag	ag（agere 驱动、做）+ -ent（正在做的那个）→ 替人出面做事的那一个	拉丁语 agens（属格 agentis：正在做的、行事的）← agere（驱动、做）	a person who acts for another, or a thing that produces an effect	谈判桌那头坐的不是本人，是拿着授权书替他签字的那个	代理人/经办人/作用剂	Her agent handled the contract.|Yeast is the agent of change.	the one doing it on another's behalf – 替别人出手去做的那个	代理人：受人委托、以他的名义办事的人|经办人：具体动手把事办下来的那个|作用剂：起作用把变化做出来的那样东西	
W	grieve	verb	/ɡriːv/	gravis	gravis（重）→ gravare（压重）→ grever（压得人抬不起来）→ 心上压着那一块	古法语 grever（压迫、使难受）← 拉丁语 gravare（加重、压）← gravis（重的）	to feel or show deep sorrow, especially over a death	她坐在床沿上一动不动，肩膀往下垮，像身上压着什么	悲伤/哀悼/使伤心	She grieved for her lost son.|They grieved together for weeks.	to carry a weight on the heart – 心上压着一块重的	悲伤：心里那份沉，压得人提不起劲|哀悼：那份沉冲着死者，且做出来给人看见|使伤心：把那份沉加到别人心上	
W	apply	verb	/əˈplaɪ/	plic	ad-（朝、贴上）+ plic（plicare 折叠）→ 把它折贴到那一处上头	古法语 aplier ← 拉丁语 applicare（贴上、附着）← ad-（朝）+ plicare（折叠）	to put something onto a surface, to make a formal request, or to be relevant	药膏挤在指尖，往肩上按着抹开，贴得严严实实	涂敷/申请/适用	Apply the cream twice a day.|She applied for the teaching job.	to fold it onto something so it sticks – 把它折上去，贴住那一处	涂敷：把药或膏贴到皮肤上|申请：把写好的材料递上去贴到那个位子上|适用：某条规矩贴得上这件事	
W	envy	noun / verb	/ˈenvi/	vid	in-（朝着）+ vid（videre 看）→ invidia 盯着人家看，心里发酸	古法语 envie ← 拉丁语 invidia（嫉妒）← invidere（怀恶意地看）← in-（朝）+ videre（看）	a feeling of wanting what someone else has	隔着窗帘看邻居那辆新车，眼睛跟着挪，心里发紧	羡慕/嫉妒/羡慕的对象	He felt envy at her success.|She envied his easy manner.	to look at what another has and want it – 盯着别人有的那样，心里想要	羡慕：看着别人所有而心里想要|嫉妒：那份想要里掺了不甘，见不得他好|羡慕的对象：被人这样看着的那个人或物	
R	primus	prim/prem/princ/prior	拉丁语 primus（第一的，序列最前的那个），比较级 prior（在前的、较早的）同出 pri- 一支；princeps（首位者）由 primus 与「占住位次」一支合成，故 prince/principal/principle 同族	the one standing at the front of the line / 站在序列最前的那一个	一队人排开，最前头那个先动，后面的都照他的位置往下排	first, foremost, earliest	first	排在最前	domain-shape
R	imago	imag/imagin	拉丁语 imago（宾格 imaginem：摹本、相像之物、心里浮出的样子），动词 imaginari 指在心里造出一个样子	a likeness that stands in for the thing itself / 一个替本物出面的摹样	水面映出岸边的树，一摇就散，可刚才那一下和真树分毫不差	likeness, picture, to picture in the mind	likeness	摹出样子	domain-perceive
R	reri-ratio	rat/ratio/reason	拉丁语 reri（盘算、认定），过去分词 ratus 派出名词 ratio（逐笔算清后得出的账、比数、道理）；古法语 raison 由 rationem 来，故 reason 同族。词根 id 取 reri-ratio，以避与英文单词 ratio 同名	the account that comes out even after reckoning / 逐笔算平之后得出的那个数	账房把两列数字对齐，一笔笔划掉，剩下的差额就是要报的那一个	to reckon, calculation, account, reason	reckon	算得清	domain-perceive
R	foris	for/fore/forest/forum	拉丁语 foris/foras（在门外、到门外去），与 fores（门扇）同支；forum 本指门外那片敞地，故成集会市集之所；中世纪拉丁语 forestis silva 指圈地之外的林子，故 forest（另有一说来自日耳曼语 furhitha 松林，未有定论）	outside the door, beyond what is enclosed / 门外，围起来的那圈之外	一道门槛，跨出去就是没人管的那一片，屋里的规矩到此为止	out of doors, outside	outdoors	门外那片	domain-shape
R	pax	pac/peac/pay	拉丁语 pax（宾格 pacem：相争双方摆平后的状态），动词 pacare 意为安抚、摆平；古法语 paier 由 pacare 来，本义是把债主安抚下来，故英语 pay 与 peace 同族	a dispute put to rest so neither side presses on / 相争摆平，两边都不再往下追	两人各退一步，钱货一交，攥着的手松开，谁也不再提这事	peace, to appease, to settle	settle	摆平相争	domain-hold
R	plus-more	plus/plur	拉丁语 plus（更多，multus 的比较级），复数 plures 派出 pluralis（多于一的）；surplus 由古法语 sur-（越过）＋plus 合成。词根 id 加 -more 以避与英文单词 plus 同名；表「填满」的 ple- 一支在拉丁语中已是另一个词，不可并入	the amount past what was counted / 越过原有数目的那一部分	秤盘上添到刻度还不停，指针又往前挪了一格	more, additional, beyond the number	more	多出来	domain-shape
W	premier	adjective / noun	/ˈpremiə/	primus	prem（primus 第一）+ -ier → 排在最前的那个 → 首要的；名词化即一国之首	法语 premier（第一的）← 拉丁语 primarius（首位的）← primus（第一）	first in position or importance; the head of a government	名单上排在最上一行的那个名字，开会先听他说话	首要的/总理/首相	The premier league draws the best players.|The premier met the visiting delegation.	the one placed at the very front – 摆在最前面的那一个	首要的：位置或分量排在最前|总理/首相：一国政府里排在最前的那个人	
W	primary	adjective	/ˈpraɪməri/	primus	prim（primus 第一）+ -ary → 序列或分量上排在最前的 → 最初的、分量最重的	拉丁语 primarius（首位的、第一等的）← primus（第一）	most important, or coming first in order or stage	一串灯从头亮到尾，头一盏没点上，后面的都不会亮	主要的/最初的/初级的	Safety is our primary concern here.|She teaches at a primary school.	first in order, hence first in weight – 序次在最前，因此分量也最重	主要的：分量上排最前，别的都次于它|最初的：时间或次序上排在最前|初级的：整个阶梯里最前的那一级	
W	prime	adjective / noun	/praɪm/	primus	prime（primus 第一）→ 同类里排第一等的 → 最好的；用在时段上即一生中最盛的那一段	拉丁语 primus（第一的），经古法语 prime 入英语	of the best quality or the most important kind; the best period of something	摊上挑出来单独摆的那块肉，纹理均匀，价也另算	最好的/首要的/鼎盛期	This is prime farmland with rich soil.|He was in his prime at thirty.	the first-rate one, picked out from the rest – 从同类里挑出来的头一等	最好的：同类里排第一等的|首要的：分量上排最前的|鼎盛期：一生中状态排最前的那一段	
W	primitive	adjective	/ˈprɪmɪtɪv/	primus	primit（primus 第一、最早）+ -ive → 停在最早那一段的 → 原始的；器物停在最早形态即粗糙	拉丁语 primitivus（最早的、初生的）← primus（第一）	belonging to an early stage of development, or simple and crude	一把石头磨出的刃，绑在木棍上，能用，削两下就得重绑	原始的/简陋的/早期的	The cave held primitive tools and bones.|Their equipment was primitive but it worked.	still at the earliest stage – 还停在最早那一段	原始的/早期的：停在发展最早那一段|简陋的：形态还是最早那样，没经过后来的改良	
W	prince	noun	/prɪns/	primus	prin（primus 第一）+ -ce（占住位次那一支）→ 占着头一个位置的人 → 王子、亲王	古法语 prince ← 拉丁语 princeps（首位者）：由 primus（第一）与占住位次的一支合成	a son of a monarch, or a male ruler of a small state	宴席上他坐在国王右手边头一个座位，别人都往下排	王子/亲王	The prince rode ahead of the column.|A young prince ruled the mountain valley.	the man holding the first place – 占着头一个位次的男子	王子：国王之下排第一位的男性后嗣|亲王：同一份「占头位」用在封地君主上	
W	princess	noun	/ˌprɪnˈses/	primus	princ（primus 第一）+ -ess（女性）→ 占着头一个位置的女子 → 公主、王妃	古法语 princesse ← princeps（首位者）的女性形，本源 primus（第一）	a daughter of a monarch, or the wife of a prince	她一进门，满屋的人先转过来，位子早给她空在最前	公主/王妃	The princess opened the new hospital wing.|He married the princess of a small kingdom.	the woman holding the first place – 占着头一个位次的女子	公主：君主之下排第一位的女性后嗣|王妃：同一份「占头位」用在配偶身上	
W	principal	adjective / noun	/ˈprɪnsəpl/	primus	princip（princeps 首位）+ -al → 排在头一位的 → 主要的；学校里排头位的人即校长；一笔款里排头位的那部分即本金	拉丁语 principalis（首要的）← princeps（首位者）← primus（第一）	most important; the head of a school, or the original sum of money	一张表上第一行印得比别行粗，底下几行都是它的附注	主要的/校长/本金	Cost was the principal reason for delay.|The principal called both parents in.	the one ranked at the head – 排在头一位的那个	主要的：一堆里分量排最前|校长：学校里位次排最前的人|本金：一笔款里最先那部分，利息由它生出	princip（首位）+ -al → 一堆东西里排在头一位的那个，用在人、事、款项上各有说法
W	principle	noun	/ˈprɪnsəpl/	primus	princip（princeps 首位、开端）+ -le → 摆在最前、别的都由它推出来的那一条 → 原则、原理	拉丁语 principium（开端、根本）← princeps（首位者）← primus（第一）	a basic truth or rule that other things follow from	一页推演的头一行写着一句话，往下每一步都靠它才立得住	原则/原理/准则	He refused on principle, not for money.|The engine works on a simple principle.	the statement put first, from which the rest follows – 摆在最前的那一条，其余由它推出	原则/准则：行事时摆在最前的那一条|原理：一套道理里最前那一条，别的推论都从它出	
W	prior	adjective	/ˈpraɪə/	primus	prior（primus 那一支的比较级：在前的）→ 两者相比更靠前的 → 先前的、优先的	拉丁语 prior（较前的、较早的），与 primus（第一）同出 pri- 一支	happening or existing before something else, or coming first in order of claim	两张单子并排，一张日期早半年，办事的人先拿起早那张	先前的/优先的	She had no prior experience with boats.|Injured passengers get prior access to care.	the earlier of two compared – 两者相比更早的那一个	先前的：时间上排在前头的|优先的：次序上排在前头，先得到处理	
W	priority	noun	/praɪˈɒrəti/	primus	prior（在前的）+ -ity → 排在前头这一层身份 → 该先办的那件事	中世纪拉丁语 prioritas（在前的状态）← 拉丁语 prior（较前的）	the thing that must be dealt with before others, or the right to go first	桌上一叠单子被重新码过，有几张抽出来压在最上面	优先/优先事项/优先权	Clean water is the village's first priority.|Ambulances have priority at every crossing.	being placed ahead of the rest – 被摆到别的前面	优先：位次被排到别的前面|优先事项：被排到前面的那件具体事|优先权：这种排前的资格本身	
W	image	noun	/ˈɪmɪdʒ/	imago	imag（imago 摹样）+ -e → 与本物相像的那个样子 → 图像；人心里存下的那个样子即形象	古法语 image ← 拉丁语 imaginem（imago 的宾格：摹本、相像之物）	a picture or likeness of something, or the impression people have of it	镜子里那个人抬手，手也跟着抬，可镜面一擦就只剩一块玻璃	图像/形象/影像	The image on the screen went blurry.|The company wants to change its image.	a likeness standing in for the thing – 替本物出面的那个摹样	图像/影像：与本物相像、可看见的那个样子|形象：存在别人心里的那个样子，同样是摹出来的	
W	imaginary	adjective	/ɪˈmædʒɪnəri/	imago	imagin（imago 在心里造样）+ -ary → 只在心里造出来、外面没有的 → 想象的	拉丁语 imaginarius（只是摹样的、并非实有的）← imago（摹样）	existing only in the mind and not in the real world	孩子给空椅子摆了碗筷，还问它要不要添饭	想象的/虚构的	She had an imaginary friend as a child.|The border is an imaginary line on water.	made in the mind only, with nothing outside – 只在心里造出，外面没有对应之物	想象的：只在心里成形的|虚构的：同一份「外面没有」用在人物或情节上	
W	imagination	noun	/ɪˌmædʒɪˈneɪʃn/	imago	imagin（在心里造样）+ -ation → 在心里造出样子的这份本事	拉丁语 imaginatio（心里造出的样子）← imaginari（在心里造出样子）	the ability to form pictures or new ideas in the mind	他闭着眼说出每件家具摆在哪，那屋子还没盖起来	想象力/想象	The book fired the boy's imagination.|Use your imagination and describe the room.	the power to make a likeness in the mind – 在心里造出样子的本事	想象力：造出样子的这份能力|想象：这份能力用起来的那个过程	
W	imaginative	adjective	/ɪˈmædʒɪnətɪv/	imago	imagin（在心里造样）+ -ative → 善于在心里造出样子的	中世纪拉丁语 imaginativus（善于在心里造样的）← imaginari	good at thinking of new ideas, or showing such thinking	同样几块积木，他搭出来的那个东西谁也没见过	富有想象力的/新颖的	She is an imaginative and careful designer.|It was an imaginative answer to the problem.	quick to make new likenesses in the mind – 心里造样造得快又新	富有想象力的：说人善于在心里造出样子|新颖的：同一份本事显在做出来的东西上	
W	imagine	verb	/ɪˈmædʒɪn/	imago	imagin（imago 在心里造样）+ -e → 在心里造出一个样子；造出来的未必真，故也作以为	古法语 imaginer ← 拉丁语 imaginari（在心里造出样子）← imago（摹样）	to form a picture of something in your mind, or to suppose something	闭上眼，先看见门，再看见门后的院子，一样一样浮出来	想象/设想/以为	Imagine a room with no windows at all.|I imagine she has left already.	to make a likeness appear in the mind – 让一个样子在心里浮出来	想象/设想：在心里把样子造出来|以为：心里造出的那个样子被当成了实情	
W	rate	noun / verb	/reɪt/	reri-ratio	rat（ratus 算定的）+ -e → 按一定算法定下的那个数；动词即给它定出这个数	中世纪拉丁语 rata（pars rata「算定的那一份」）← ratus，reri（盘算）的过去分词	a measured amount or speed, or to judge what level something is at	水表两次读数相减，除以天数，得出每天走掉多少	比率/速度/价格/评级	The birth rate fell again last year.|Critics rate the film very highly.	the figure worked out by reckoning – 算出来定下的那个数	比率：两个数算出来的那个数|速度：每单位时间算出来的量|价格：按算法定下的收费|评级：给一样东西算出个位次	
W	ratio	noun	/ˈreɪʃiəʊ/	reri-ratio	ratio（reri 盘算 → 算出来的账、比数）→ 两个量算出来的那层关系	拉丁语 ratio（算账、比数、道理）← reri（盘算）的过去分词 ratus	the relation between two amounts, expressed as one number over another	两碗米配一碗水，换个大锅照这个数往上添，稠稀还是一样	比率/比例	The ratio of boys to girls is three to two.|Mix the paint in a one to four ratio.	two amounts set against each other – 两个量相比得出的那个数	比率/比例：把两个量放到一起算，得出的那层固定关系	
W	rational	adjective	/ˈræʃnəl/	reri-ratio	ration（ratio 算清的道理）+ -al → 按算得清的道理来的	拉丁语 rationalis（有理的、能推算的）← ratio（算账、道理）	based on clear thinking and reasons rather than on feelings	他把两条路的花费和时间列在纸上，指着数字说走这条	理性的/合理的	She gave a calm and rational reply.|There is no rational basis for that fear.	going by what the reckoning shows – 照算得清的那一条来	理性的：说人凭推算而非凭情绪|合理的：说事经得起推算	
W	reason	noun / verb	/ˈriːzn/	reri-ratio	reason（← rationem：算清后得出的道理）→ 说得通的那一条；动词即照这条往下推	古法语 raison ← 拉丁语 rationem（ratio 的宾格：算账、道理）	the cause of something, the power to think clearly, or to think step by step	他一层层往回问，问到最后那句话，屋里的人都不说了	原因/理由/理智/推理	Give me one good reason to wait.|He reasoned from the marks on the floor.	the account that holds up when reckoned – 一算就站得住的那一条	原因/理由：追问下去站得住的那一条|理智：能这样一层层算下去的能力|推理：把这份能力用起来的过程	
W	reasonable	adjective	/ˈriːznəbl/	reri-ratio	reason（算得清的道理）+ -able → 经得起算、说得通的；价钱经得起算即不虚高	古法语 raisonable ← 拉丁语 rationabilis（合于道理的）← ratio	fair and sensible, or not too expensive	他报了个数，买家拿计算器按了一遍，点头掏钱	合理的/通情达理的/价钱公道的	That seems a reasonable request to me.|They sell good tools at reasonable prices.	able to stand up to reckoning – 经得起一算	合理的：一算就说得通|通情达理的：说人讲得通道理|价钱公道的：同一份「经得起算」用在数目上	
W	foreign	adjective	/ˈfɒrən/	foris	forein（← foranus 在门外的）→ 门外那一边来的 → 外国的	古法语 forain（在外的）← 晚期拉丁语 foranus（在门外的）← 拉丁语 foris（门外）	belonging to a country other than your own, or not belonging where it is	他把证件一递，队伍旁边另开一个窗口，问的问题也换了一套	外国的/外来的/陌生的	She speaks three foreign languages well.|The idea felt foreign to everyone there.	coming from outside the door – 从门外那一边来的	外国的：从本国之外来的|外来的：从这个范围之外进来的|陌生的：同一份「不属这里」落在感觉上	
W	foreigner	noun	/ˈfɒrənə/	foris	foreign（门外来的）+ -er → 从门外那一边来的人	由 foreign（外国的）加 -er 而成，本源拉丁语 foris（门外）	a person who comes from another country	他指着菜单上的图点菜，老板笑着比手势报数	外国人	Foreigners must register at the local office.|A foreigner asked me for directions today.	the one who came from outside the door – 从门外那边来的那个人		
W	forest	noun	/ˈfɒrɪst/	foris	forest（← forestis 圈地之外的林子）→ 门外没人管的那一大片树	古法语 forest ← 中世纪拉丁语 forestis silva（圈地之外的林子）← 拉丁语 foris（门外）；另有一说来自日耳曼语 furhitha（松林），未有定论	a large area thickly covered with trees	往里走了半小时，回头看来路那道口子已经找不着了	森林/林区	They walked all day through the forest.|Fire destroyed part of the forest last summer.	the wood lying outside the enclosure – 圈地之外那一片树	森林：门外那片没人清理的树，连成一大片|林区：同一片树被划成一块地界来说	
W	forum	noun	/ˈfɔːrəm/	foris	forum（本指门外那片敞地）→ 谁都能进来说话的那块地方	拉丁语 forum（门外的敞地，后指集会与市集之所），与 foris（门外）同支	a place or meeting where people can exchange views openly	空地上摆开几排凳子，想说话的就站到中间那块石台上	论坛/讨论会/古罗马广场	The website runs a forum for new parents.|Tourists gather at the ancient forum daily.	the open ground where any may come and speak – 谁都能进来说话的那片敞地	论坛：众人都能进来发言的场所，今多指网上的|讨论会：同一块敞地变成一场聚会|古罗马广场：这个词最初指的那片实地	
W	accomplish	verb	/əˈkʌmplɪʃ/	plere	ac-（ad- 朝向）+ compl（com 全 + ple 填满）+ -ish → 把该填的一处处填满	古法语 acomplir ← 通俗拉丁语 accomplere：ad-（朝向）＋complere（填满）← plere（填满）	to succeed in doing or finishing something you set out to do	清单最后一格也划上钩，笔一放，纸上再没空着的地方	完成/实现	She accomplished the task in two days.|He accomplished what no one else could.	filling in every part that was left open – 把留空的每一处都填上	完成：该做的一格格填满，没有剩下的|实现：原先只是打算的那件事被填成了实的	
W	complete	adjective / verb	/kəmˈpliːt/	plere	com-（全）+ ple（填满）+ -te → 处处填满、一处不缺；动词即把它填到满	拉丁语 completus，complere（填满）的过去分词：com-（全）＋plere（填满）	having all its parts, or to finish making something whole	拼图最后一块按下去，桌面上再没有露出底板的地方	完整的/完成/彻底的	We have a complete set of records now.|They completed the bridge ahead of time.	filled up until nothing is missing – 填到一处不缺	完整的：每一处都在，没有缺口|完成：把缺的填上，到齐平为止|彻底的：填得一处不漏，故指程度上到头	
W	plentiful	adjective	/ˈplentɪfl/	plere	plenti（plenus 满的）+ -ful → 满到有余的	由 plenty（充足）加 -ful 而成，本源拉丁语 plenus（满的）← plere（填满）	existing in large amounts, more than enough	筐子摆了一地，果子堆到边沿往下滚，捡都捡不完	丰富的/充足的	Fish were plentiful in the river then.|Rain has been plentiful this spring.	filled to the brim and past it – 填到边上还有余	丰富的：数量填得满，还往外冒|充足的：填到够用，不必省着	
W	plenty	noun	/ˈplenti/	plere	plen（plenus 满的）+ -ty → 填满之后那个量	古法语 plenté ← 拉丁语 plenitatem（满、充足）← plenus（满的）← plere（填满）	a large enough amount, as much as is needed or more	锅里还剩大半，添完一圈又给每人多舀了一勺	充足/大量	There is plenty of time before the train.|We had plenty to eat that night.	the amount that fills and still leaves extra – 填满之后还余下的那个量	充足：填到够用的那个量|大量：同一个「填得满」偏说数目多	
W	crime	noun	/kraɪm/			古法语 crime ← 拉丁语 crimen（指控、罪名）	an act that breaks the law and can be punished	橱窗玻璃碎了一地，柜台后面的抽屉全被拉开	犯罪/罪行	The crime was reported the same night.|Crime has fallen in this district.	an act the law will call to account – 会被依法追究的那一桩举动	犯罪：触犯律法这件事本身|罪行：具体那一桩被追究的举动	
W	criminal	adjective / noun	/ˈkrɪmɪnl/			晚期拉丁语 criminalis（与罪名有关的）← 拉丁语 crimen（指控、罪名）	connected with crime, or a person who has committed one	他被单独带进来，手上还锁着，两侧各站一名法警	犯罪的/刑事的/罪犯	He has a criminal record from years ago.|Police caught the criminal near the docks.	having to do with acts the law punishes – 与被律法追究之事相关的	犯罪的：与触法之举有关的|刑事的：同一层关系用在法律门类上，与民事相对|罪犯：做下这种举动的那个人	
W	discriminate	verb	/dɪˈskrɪmɪneɪt/	cernere	dis-（分开）+ crimin（discrimen 分界，出自 cern 筛分）+ -ate → 筛开两样，看出界线；只认一条界线待人即歧视	拉丁语 discriminare（分辨、区别）← discrimen（分界）：dis-（分开）＋cern-（筛分，动词 cerno 一支），与 discern 同出一根	to tell one thing apart from another, or to treat one group unfairly	两袋米倒在案上，他捏起几粒对着光看，这才把两堆分开做记号	区别/辨别/歧视	Babies can discriminate between similar sounds.|The law forbids employers to discriminate.	sifting two things apart until the line shows – 筛开两样，直到界线显出来	区别/辨别：筛开混杂，把两样的分界看出来|歧视：只认某一条分界就把人分开对待，分界成了待遇之别	
W	gene	noun	/dʒiːn/	gen	gen（生出、种性）→ 把种性一代代传下去的那个单位	德语 Gen（1909 年由 Pangen 截取而成），本源希腊语 genos（种、出身），与拉丁语 genus 同支	a unit inside cells that passes a trait from parent to child	孩子头顶那撮翘起的头发，跟他父亲同一个位置一模一样	基因	This gene controls eye colour in mice.|Scientists located the faulty gene.	the unit that hands a trait down – 把某个性状传下去的那个单位		
W	hydrogen	noun	/ˈhaɪdrədʒən/	gen	hydro-（水）+ gen（生出）→ 烧起来生成水的那种气	法语 hydrogène（1787 年命名）：希腊语 hydor（水）＋ -genes（生出…的），后者与拉丁语 genus 同支	the lightest gas of all, which burns to form water	一管无色的气点着，火苗发白，管壁上很快挂了一层水珠	氢	Hydrogen burns with a very pale flame.|The balloon was filled with hydrogen.	the gas that makes water when it burns – 一烧就生出水的那种气		
W	carbohydrate	noun	/ˌkɑːbəʊˈhaɪdreɪt/			近代科学新造词：carbo（拉丁语 carbo 炭）＋hydrate（水化物，来自希腊语 hydor 水），因这类物质由炭与水的成分按比例合成而得名	a substance in food such as sugar or starch that gives the body energy	半碗米饭下去，跑步时腿上就有劲，不像空着肚子那样发虚	碳水化合物/糖类	Rice and bread are high in carbohydrate.|Athletes eat carbohydrate before a race.	a compound of carbon and water the body burns for energy – 炭与水合成、供身体烧用的那类物质	碳水化合物：按成分命名的那类物质|糖类：同一类东西按日常说法叫的名字	
W	pay	verb / noun	/peɪ/	pax	pay（← pacare 安抚、摆平）→ 把债主安抚下来，他就不再追 → 付款；名词即所付的那份	古法语 paier（付款，本义安抚债主）← 拉丁语 pacare（安抚、摆平）← pax（相争摆平后的状态）	to give money for something, or the money given for work	他数出正好的数目推过柜台，对方攥着单子的手松开了	付款/支付/报酬	I paid for the tickets in cash.|The pay is low but the work is steady.	settling up so the other side presses no further – 结清了，对方不再往下追	付款/支付：把该给的交出去，账就平了|报酬：为出的力所结清的那一份	
W	payment	noun	/ˈpeɪmənt/	pax	pay（pacare 摆平、结清）+ -ment → 结清这件事，或结清时交出的那笔	古法语 paiement ← paier（付款）← 拉丁语 pacare（安抚、摆平）← pax	the act of paying, or an amount of money paid	收据上盖了章，账本那一行被横着划掉	付款/款项/支付	We received payment three days later.|The first payment is due in May.	the settling of an account, or the sum that settles it – 把账结清这件事，或结清的那笔数	付款/支付：结清这个动作本身|款项：结清时交出去的那笔具体数目	
W	repay	verb	/rɪˈpeɪ/	pax	re-（回）+ pay（pacare 结清）→ 往回结清一次 → 偿还；受了好处照样往回结即报答	由 re-（回）加 pay 而成，pay 出自拉丁语 pacare（安抚、摆平）← pax	to pay back money you owe, or to do something good in return	他把钱一张张数好推回桌那边，顺手取走那张按了手印的纸	偿还/报答/回报	She repaid the loan within a year.|How can I ever repay your kindness?	settling back in the other direction – 反过来往回结清一次	偿还：借来的钱按原路结回去|报答/回报：受了人的好处，照样往回结一次	
W	peace	noun	/piːs/	pax	peace（← pacem：相争摆平后的状态）→ 两边都不再往下追的那个局面	古法语 pais ← 拉丁语 pacem（pax 的宾格：相争摆平后的状态）	a state without war or fighting, or a calm and quiet state	刚才还在院里对喊的两个人，现在并排坐在门槛上递烟	和平/平静/和睦	The two countries signed a peace treaty.|She read in peace all afternoon.	the state after a dispute is put to rest – 相争摆平之后的那个局面	和平：不再交战的那个局面|平静：摆平之后剩下的那份安静|和睦：人与人之间摆平了，相处不再起争	
W	peaceful	adjective	/ˈpiːsfl/	pax	peace（pax 摆平之后）+ -ful → 处在谁也不再往下追的那个状态里	由 peace（← 拉丁语 pacem）加 -ful 而成，本源 pax（相争摆平后的状态）	not involving fighting, or quiet and free from trouble	湖面一丝波纹也没有，桨横搁在船帮上滴水	和平的/平静的/安宁的	It was a peaceful protest with no arrests.|We spent a peaceful week by the sea.	in the state where nothing presses further – 处在无人再追的那个状态里	和平的：不动武的|平静的：没有起伏动静的|安宁的：同一份「无人再追」落在人的感受上	
W	plural	adjective / noun	/ˈplʊərəl/	plus-more	plur（plures 更多、多于一）+ -al → 数目多于一的 → 复数的	古法语 plurel ← 拉丁语 pluralis（多于一的）← plus（更多）的复数 plures	of more than one in number, or the form used for more than one	同一个词后面添上一个字母，说的就不是桌上那一只了	复数的/复数	The plural of child is children.|Most nouns take a plural ending in s.	of more than one in number – 数目在一以上的	复数的：说数目多于一这个性质|复数：语法里表示多于一的那个形式	
W	plus	preposition / noun	/plʌs/	plus-more	plus（拉丁语「更多」）→ 在原数之上再添 → 加上；添出来的那一项即优势	拉丁语 plus（更多，multus 的比较级）	with the addition of, or an advantage that counts in favour	纸上两个数中间划了一个十字形的记号，底下写出合起来的那个数	加上/优势	Two plus three makes five.|Speaking Japanese is a real plus here.	with more added on top – 在原有之上再添一份	加上：把一个数添到另一个数上|优势：额外多出来的那一项，算起来对你有利	
W	surplus	noun / adjective	/ˈsɜːpləs/	plus-more	sur-（越过）+ plus（更多）→ 越过所需之后还多出来的那部分 → 剩余	古法语 surplus：sur-（越过，← 拉丁语 super）＋plus（更多）	an amount left over after all needs are met, or being left over in this way	东西分完，墙角还码着几箱没动，管库的在册子上另记一行	剩余/过剩/多余的	The farm sold its surplus to neighbours.|We store surplus grain in the shed.	the part standing past what was needed – 越过所需之后还立在那儿的部分	剩余：分完之后还余下的那部分|过剩：余得太多，成了要处理的麻烦|多余的：形容某物属于这余下的部分	
W	cause	noun / verb	/kɔːz/			古法语 cause ← 拉丁语 causa（缘由、案由，也指诉讼中所争之事）	the thing that makes something happen, or to make it happen	一排骨牌立着，指头碰倒最前那张，后面挨着一张张躺下去	原因/导致/事业	Police are looking into the cause of the fire.|Heavy rain caused the delay.	the thing another thing comes out of – 另一件事由它而出	原因：一件事由它而起|导致：由它引出后面那件事，说的是这个动作|事业：值得众人一同去争的那件事，同 causa「所争之事」一路	
W	excuse	verb / noun	/ɪkˈskjuːz/			古法语 escuser ← 拉丁语 excusare（免去罪责）：ex-（去掉）＋causa（案由、指控）	to forgive a small fault, or a reason given to avoid blame	他递上一张纸条，值班的看了两眼，把他的名字从册子上勾掉	原谅/借口/理由	Please excuse my late reply.|That is no excuse for shouting.	taking the charge off the name of the accused – 把追究从某人身上去掉	原谅：把要追究的那笔从对方名下去掉|借口：为脱掉追究而编的那套说法|理由：同样是拿来免责的说法，只是这一条站得住	
W	eject	verb	/ɪˈdʒekt/	jac	e-（ex- 出）+ ject（jac 投、扔）→ 往外一扔 → 逐出、弹出	拉丁语 eicere（扔出去）的过去分词 ejectus：ex-（出）＋jacere（投、扔）	to force someone or something out of a place	按下那个键，卡嗒一声，盘子自己滑出半截停在那儿	逐出/弹出/喷出	The referee ejected two players.|Press this button to eject the disc.	throwing a thing out from inside – 从里头把东西扔出来	逐出：把人从场所里扔出去|弹出：机件把里头那物顶出来|喷出：把气或液往外扔出去	
W	jet	noun / verb	/dʒet/	jac	jet（← jactare 反复投扔）→ 被使劲扔出去的那一道 → 喷流；靠往后扔出气流推进的飞机由此得名	古法语 jeter（投、扔）← 通俗拉丁语 jectare ← 拉丁语 jactare（反复投扔）← jacere（投）	a fast narrow stream of liquid or gas, or a plane driven by such a stream	水管破了一道口子，水直挺挺射出去一条，落地才散	喷流/喷气式飞机/喷射	A jet of steam shot from the pipe.|We took an overnight jet to Cairo.	a stream thrown out with force – 被使劲扔出去的那一道	喷流/喷射：被压着扔出来的那一道细流|喷气式飞机：靠往后扔出气流把自己推着走的飞机	
W	enemy	noun	/ˈenəmi/			古法语 enemi ← 拉丁语 inimicus（不友好的）：in-（不）＋amicus（朋友）	a person or country that is against you and wants to harm you	长桌两头各坐一个，一个把茶杯推倒也不抬头看对面	敌人/仇敌	He made enemies wherever he worked.|The enemy withdrew across the river.	the one who is not on your side – 站在你这边之外的那个人	敌人：与你相对、有意加害的一方|仇敌：同一层对立，带着积下的怨	
W	hotel	noun	/həʊˈtel/	hostis	hostel/hotel（← hospitale 客舍）→ 接下过路人、给他一处睡的地方 → 旅馆	法语 hôtel ← 古法语 hostel ← 中世纪拉丁语 hospitale（客舍）← hospes（主/客）；与 hospital 同出一词	a building where travellers pay to sleep and eat	登记完，柜台把一把钥匙推过来，行李被人接手拎上楼	旅馆/酒店	We stayed at a small hotel by the station.|The hotel was full that weekend.	the house that takes in whoever is passing – 接下过路人的那处屋舍	旅馆：付钱住一晚的地方|酒店：同一处地方规模大些、兼供饮食的说法	
W	proof	noun	/pruːf/	prob	proof（← proba：验过之后留下的东西）→ 拿去验，验得住的那个凭据	古法语 proeve ← 晚期拉丁语 proba（检验）← 拉丁语 probare（检验、证实）	something that shows a statement is true	他把一叠票据和一张按了手印的纸摊在桌上，刚才争的人不说话了	证据/证明	Do you have any proof of payment?|This is proof that the method works.	the thing that holds up when tested – 拿去一验，站得住的那样东西	证据：验得住、能拿出来的那样东西|证明：同一样东西起的作用，让人认了那句话	
W	evoke	verb	/ɪˈvəʊk/	vocare	e-（ex- 出）+ vok（voc 呼叫）→ 朝里头喊一声，把藏着的叫出来	拉丁语 evocare（召出、唤出）：ex-（出）＋vocare（呼叫）	to bring a feeling or a memory into the mind of someone	一段熟悉的调子刚起头，本来不说话的人开口讲起几十年前的事	唤起/引起/使人想起	The smell evoked the kitchen of her childhood.|His speech evoked strong feelings.	calling a hidden thing out into the open – 朝里头喊一声，把藏着的叫出来	唤起：把心里存着的叫到眼前|引起：同一声呼唤引出一片反应|使人想起：被叫出来的那样东西是旧事	
R	rotula	rot/rol/roll/round	拉丁语 rota（轮子）的指小形 rotula（小轮、小圆片），中世纪拉丁语 rotulus 指卷成筒的羊皮纸卷；rotare（使转）、rotundus（圆的）同出 rota——一片圆的东西滚起来，或一张纸绕着自己卷成筒，是同一个动作	a little wheel, and anything wound round on itself / 一只小轮子，以及绕着自己卷起来的东西	一张长纸从一头绕起来，卷成一个能在桌上滚的筒	to roll, to wind into a round	roll	卷起滚动	domain-shape
R	radius-ray	radi/ray	拉丁语 radius（细杆、车轮的辐条、光线），radiare 是「射出光来」；辐条从轮心一根根直伸到轮缘，光从一点直射开去，是同一个形。词根 id 加 -ray 后缀，因 radius 本身是本批要收的单词，作 id 会顶掉词根节点（照 campus-field、edere-publish 先例）	a spoke running straight out from the centre / 从中心直伸出去的一根辐条	车轮的辐条从轴心直直伸到边上，一根接一根排开	a ray, a spoke; to shine out from a centre	spoke	自心直射	domain-transfer
R	ekhein	schol/schem/epoch	希腊语 ekhein（拿住、持有，也表「按住不让动」），其不定式词干 skhe- 派出 skholē（从活计里扣下来的闲时，后指讲学之所）、skhēma（事物被持成的样子）、epokhē（被按停的那一刻）；经拉丁语 schola、schema 入英语	to hold, and to hold a thing still / 持住，并把一样东西按停	手按在一样正动的东西上，它停住了，就那样被拿在手里	to hold, to hold back, to stop	hold	按住持有	domain-hold
R	mille	mill/milli/mile	拉丁语 mille（一千），复数 milia；mille passuum（一千双步）就是古罗马的一里，英语 mile 由此。milli- 作前缀反过来表「千分之一」，因为一千份里只取一份	a thousand of a thing / 一千份	一千步走完，路边立一块石头；石头之间那一段路，长短都一样	a thousand	thousand	一千	domain-shape
R	honos	honor/honest	拉丁语 honos（后作 honor：众人给的看重、体面），honestus 是「配得上这份看重的」，honorare 是「把这份看重给出去」。词根 id 用古体主格 honos，因 honor 本身是本批要收的单词，作 id 会顶掉词根节点（照 campus-field 先例）	the regard other people give you / 众人给你的那份看重	他一进门，屋里坐着的人都站了起来	public regard, esteem	esteem	众人看重	domain-perceive
R	poiein	poe/poet	希腊语 poiein（做、造出来）：poiētēs 是「造的人」，poiēma 是「造出来的那件东西」；经拉丁语 poeta / poema 入英语——诗人在希腊人眼里首先是个手艺人，只是他的料是词	to make, to fashion a thing out of material / 拿料做出一件东西来	他把材料一件件挑好，拼成一样原先没有的东西	to make, to create	make	造出来	domain-make
W	rotate	verb	/rəʊˈteɪt/	rotula	rota（轮）→ rotare（使轮转）→ 绕着中心一圈圈走	拉丁语 rotare（使旋转）← rota（轮子）	to turn around a centre point, or to take turns in a fixed order	轮子架在轴上，手一推，它绕着中心一圈圈走，边上那点走到哪都还回来	旋转/轮流/轮换	The earth rotates once a day.|The nurses rotate night duty.	to turn about a fixed centre, so each part comes round in turn – 绕固定的中心转，边上每一点依次转到	旋转：绕着中心一圈圈转动|轮流：位置像轮上的点那样依次转到，各人各摊一次|轮换：同一批位置上的人依次替换过来	
W	rotary	adjective	/ˈrəʊtəri/	rotula	rota（轮）→ rotarius（与轮有关的）→ 靠打圈这个动作来干活的	中世纪拉丁语 rotarius（与轮有关的）← 拉丁语 rota（轮子）	moving in a circle around a centre, or working by turning	机器上一个圆盘不停打圈，带着旁边的连杆一下一下动	旋转的/转动的	The rotary blade cut the grass.|A rotary motion drives the pump.	working by going round and round rather than back and forth – 靠打圈运作，不是来回往复	旋转的：整个动作是绕中心打圈|转动的：机件靠这个圈来带动别的部件	
W	roll	noun / verb	/rəʊl/	rotula	rotula（小轮）→ 古法语 roller（滚）→ 一边翻一边走，或把纸绕成筒	古法语 roller（滚动）← 通俗拉丁语 rotulare ← 拉丁语 rotula（小轮）	to move along by turning over and over, or a thing wound into a tube	球在地上一路翻着往前去；一张纸从一端绕起来，成了个筒	滚动/卷/名单	The ball rolled under the car.|Her name was on the roll.	a thing turned over and over, or wound round on itself – 一样东西不断翻转，或绕着自己卷起来	滚动：绕着自己不停翻转着前进|卷：把平的一张绕成筒状的那一卷|名单：名字写在那一卷纸上，念一遍就是点名	
W	role	noun	/rəʊl/	rotula	rotula（小轮→纸卷）→ 法语 rôle：演员的台词写在那一卷纸上 → 卷上分给他的那一份	法语 rôle（演员的台词卷）← 古法语 rolle（纸卷）← 拉丁语 rotula（小轮、卷）	the part someone plays in a situation or a performance	一卷纸摊开，上面只写着这一个人该说的话、该做的事	角色/作用/职责	She played the role of the queen.|Money has a role in this.	the one share written out on your own roll of paper – 写在你那一卷纸上、只属于你的那一份	角色：戏里分给你演的那个人|作用：在整件事里你这一份起的效力|职责：卷上写明该由你做的那些事	
W	enroll	verb	/ɪnˈrəʊl/	rotula	en-（进）+ roll（那一卷名册）→ 名字添进卷里 → 从此在册上有你	古法语 enroller（写入名册）← en-（进）+ rolle（纸卷、名册）← 拉丁语 rotula（小轮、卷）	to put someone's name on an official list, or to join a course	柜台后的人翻开长册，在末尾空着的一行添上你的名字	登记/注册/入学	He enrolled in the evening class.|Two hundred students enrolled.	to get your name added onto the official roll – 让自己的名字被添到那卷正式册子上	登记：名字被写进官方那一卷|注册：办完这道手续，身份就算立住|入学：名字进了学校的册子，从此算这里的人	
W	control	noun / verb	/kənˈtrəʊl/	rotula	contra-（对着）+ rotulus（卷册）→ 拿副本对着正册核 → 每一笔都在你手上	盎格鲁法语 contreroller（照副册核对）← 中世纪拉丁语 contrarotulus（对照用的副册）← contra（对着）+ rotulus（卷册）← rotula	to have power over something and decide how it behaves	两本册子并排摊开，他一行行对下来，哪一笔都逃不过	控制/支配/管理	She controls the whole department.|He lost control of the car.	to hold the duplicate roll and check every line against it – 手里有一份对照的册子，每一行都核得住	控制：每一项都核得住、也动得了|支配：由此定它往哪走，别人插不上手|管理：照着册子一行行盯下来，事情不出格	
W	round	adjective / noun	/raʊnd/	rotula	rota（轮）→ rotundus（像轮子那样的）→ 古法语 roont → 轮子的那个形	古法语 roont / reond ← 拉丁语 rotundus（圆的）← rota（轮子）	shaped like a circle or a ball, or one complete turn of a series	盘子边上找不出一处棱角，手指顺着一路摸回起点	圆的/一轮/绕过	She drew a round table.|They talked for three rounds.	the shape of a wheel: no corner, and you come back where you started – 轮子那个形：没有棱角，走一圈回到出发处	圆的：边上处处一样，摸不到棱角|一轮：转满一圈算一次，谈判、酒、比赛都这么数|绕过：顺着那个形从外侧走过去	
W	surround	verb	/səˈraʊnd/	rotula	sur-（在外面）+ round（圆）→ 在外面合成一圈 → 把里面那个圈在当中	古法语 souronder（漫过、溢出）← 晚期拉丁语 superundare（super 在上 + unda 浪）；进入英语后被 round（圆）重新分析，今天的拼写与「围成一圈」这一常用义都是由 round 来的	to be all around something on every side	一圈人肩挨着肩站定，当中那个往哪边看都是背影	包围/环绕	Tall trees surround the house.|Police surrounded the building.	to close a ring on the outside so the middle has no way out – 在外侧合成一圈，当中那个再无缺口	包围：外面合成一圈，里面出不去|环绕：一圈东西围着当中那个铺开	
W	radius	noun	/ˈreɪdiəs/	radius-ray	radius（辐条）→ 轮心到轮缘那一段 → 中心到边上的那段直距离	拉丁语 radius（细杆、车轮辐条、光线）	the distance from the centre of a circle to its edge	圆规一脚扎在中心，另一脚张开，两脚之间那一段就是量出来的长度	半径/范围	The radius of the circle is five centimetres.|Everything within a two-mile radius was flooded.	the one straight stretch from centre to edge – 从中心到边上那一段直距离	半径：圆心到圆周那一段的长度|范围：以一点为心、按这段长度画开去所罩住的一片	
W	ray	noun	/reɪ/	radius-ray	radius（辐条、光线）→ 古法语 rai → 从一点直伸出去的细细一条	古法语 rai ← 拉丁语 radius（辐条、光线）	a narrow line of light or energy travelling out from its source	窗帘缝里透进细细的一条亮，尘粒排在里头一路飘	光线/射线/一线	A ray of sun came through the crack.|X-rays pass through skin.	one narrow line running straight out from a bright point – 从一个亮点直直伸出去的细细一条	光线：从光源直伸出来的那一条|射线：同一个形，用在 X 光那类看不见的能量上|一线：极细的一条，如一线希望	
W	radiant	adjective	/ˈreɪdiənt/	radius-ray	radius（光线）→ radiare（射出光）→ 现在分词 radiantem → 正往外放光的	拉丁语 radiantem（正在放光的）← radiare（发光）← radius（光线）	sending out light or warmth, or showing great happiness	火炉边不用碰就觉得脸上发烫，那股热是一层层推出来的	光芒四射的/焕发的/辐射的	Her radiant face lit up the room.|Radiant heat warms the wall.	giving off light or heat straight out in all directions – 把光或热朝四面直直放出去	光芒四射的：光从中心朝各方向直放出去|焕发的：人脸上像有光放出来，一看就知道高兴|辐射的：热或能量以直线向外发散	
W	radiate	verb	/ˈreɪdieɪt/	radius-ray	radius（辐条）→ radiare（如辐条般伸出）→ 从一点朝四周直伸出去	拉丁语 radiatus ← radiare（放光、如辐条伸展）← radius（辐条、光线）	to send something out in all directions from a centre	一块烧红的铁放在桌上，四周的空气都跟着发烫	辐射/散发/呈辐射状伸出	The stove radiates heat all night.|Five roads radiate from the square.	to go out from one centre along many straight lines at once – 从一个中心同时沿许多直线伸出去	辐射：热或能量从中心沿直线向外发出|散发：气味、热、情绪像光那样从人身上朝四周出去|呈辐射状伸出：道路、血管从一点像辐条那样分开	
W	radio	noun	/ˈreɪdiəʊ/	radius-ray	radius（光线）→ radio-（以射线传送）→ 信号像光一样射出去，靠它传话的那东西	由前缀 radio-（← 拉丁语 radius 光线、射线）单独成词，原是「无线电报」一类合成词的前半截——信号像光那样射出去传	the sending of sound through the air by electric waves, or the box that receives it	桌上那只方盒子没接任何线，一开就有人在里头说话	无线电/收音机/广播	He turned the radio down.|The news came over the radio.	sound sent out through empty air the way light is – 声音像光一样凭空射出去，传到远处	无线电：信号像射线那样穿过空气传送|收音机：接住这种信号、还原成声音的那台机器|广播：用这种方式把话同时送给许多人	
W	radioactive	adjective	/ˌreɪdiəʊˈæktɪv/	radius-ray	radio-（射线，← radius 光线）+ active（在动作）→ 自己不停往外射东西的	radio-（← 拉丁语 radius 光线）+ active；由居里夫妇所用 radioactivité 而来，指物质自行放出射线	giving off harmful energy because its atoms are breaking down	一小块金属封在厚铅罐里，旁边的仪表一直在响	放射性的/有辐射的	The waste is still radioactive.|They measured radioactive dust.	a thing that keeps shooting rays out of itself – 一样东西自己不停往外射出射线	放射性的：原子自行衰变，不断放出射线|有辐射的：因此周围一圈都受这射线影响	
W	explicit	adjective	/ɪkˈsplɪsɪt/	plic	ex-（出来）+ plic（折）→ 折着的全摊开 → 没有一处还压在折缝里	拉丁语 explicitus ← explicare（展开、摊平）← ex（出）+ plicare（折）	stated in full and clear detail, leaving nothing to guess	合同摊平在桌上，每一条都写全了，没有一句要人猜	明确的/直言的	She gave explicit instructions.|The rules are explicit on this.	folded open all the way, nothing left in the crease – 折缝全摊开，没有一处还盖着	明确的：话说全了、条条摊开，无须猜|直言的：该说的不折进话里，直接说出来	
W	imply	verb	/ɪmˈplaɪ/	plic	im-（在里面）+ ply（折）→ 意思折在话里面 → 没说出来却夹带着	古法语 emplier ← 拉丁语 implicare（缠进、卷入）← in（进）+ plicare（折）	to suggest something without saying it directly	他只说了句「你今天倒是很早」，屋里几个人都听出了别的意思	暗示/意味着	Are you implying that I lied?|Cheap does not imply bad.	a meaning folded inside the words instead of spread out – 意思折在话里面，没摊开	暗示：把意思折进话里，让对方自己展开|意味着：一件事里折着另一件，前者成立就带出后者	
W	reply	verb / noun	/rɪˈplaɪ/	plic	re-（回）+ ply（折）→ 话顺着来路折回去 → 对方说完，你折回一句	古法语 replier（折回）← 拉丁语 replicare（折回、重述）← re（回）+ plicare（折）	to say or write something back to someone	信读完，他抽出一张纸写了几行，装回信封寄了回去	回答/答复	She replied within an hour.|He gave no reply.	to fold the words back the way they came – 把话顺着来路折回去	回答：对方问了，你把话折回给他|答复：正式地把处理结果折回去，多用于书面	
W	multiply	verb	/ˈmʌltɪplaɪ/	plic	multi-（多）+ ply（折）→ 折了很多层 → 一层翻成许多层	古法语 multiplier ← 拉丁语 multiplicare（增多）← multus（多）+ plicare（折）	to increase a number of times over, or to become much more numerous	一张纸对折再对折，摊开时格子从一个变成十几个	乘/增加/繁殖	Multiply seven by eight.|Rabbits multiply fast.	to fold a thing over on itself many times, so one becomes many – 一样东西反复对折，一份变成许多份	乘：把一个数按另一个数折叠那么多次|增加：数量成倍地翻上去|繁殖：一代折出许多代，数量翻着长	
W	simple	adjective	/ˈsɪmpl/	plic	sim-（一）+ ple（折）→ simplex：只折一道 → 层数少，一眼看到底	古法语 simple ← 拉丁语 simplex（单一的）← sim-（一）+ plicare（折）——只有一折	having few parts or steps, and easy to understand or do	一张纸只对折过一次，翻开就一道印，一眼看清它是怎么来的	简单的/朴素的/单纯的	The rule is simple enough.|She wore a simple grey dress.	folded only once, so the whole of it shows at a glance – 只折了一道，整个结构一眼看得完	简单的：层数少、步骤少，容易懂容易做|朴素的：没有多加的花样，就那一层|单纯的：心里没有折来折去的弯，想的就是说的	
W	school	noun	/skuːl/	ekhein	ekhein（持、按住）→ skholē（把活计按下来腾出的闲时）→ 用这段时间讲学的地方	古英语 scōl ← 拉丁语 schola ← 希腊语 skholē（闲暇、讲学处）← ekhein（持、按住）——把手上的活按下来腾出的那段时间	a place where children or students are taught	外头田里正忙，一排孩子却坐在屋里，手上没活，只有书	学校/学院/流派	The children walk to school.|He belongs to the old school.	time held back from work, and the place that time is spent – 从劳作里按下来的那段时间，以及花掉它的地方	学校：把活按下、专用来受教的地方|学院：大学里按科目分开的一处|流派：同一处受教出来的一批人，看法相近	
W	scholar	noun	/ˈskɒlə/	ekhein	skholē（讲学处）→ scholaris（属于讲学处的人）→ 把腾出的时间全花在学问上的人	晚期拉丁语 scholaris（属于学校的人）← 拉丁语 schola ← 希腊语 skholē ← ekhein（持、按住）	a person who studies a subject deeply, or a student holding a grant	一个人在书堆里坐了二十年，别的活一样没干过	学者/奖学金生	She is a scholar of ancient Greek.|He went to Oxford as a scholar.	the one who spends all the held-back time on study – 把扣下来的那段时间全花在学问上的人	学者：终身把时间用在一门学问上的人|奖学金生：靠成绩得到资助、被供着专心念书的学生	
W	scheme	noun / verb	/skiːm/	ekhein	ekhein（持）→ skhēma（被持成的形、格局）→ 事先在纸上定好的那个格局	拉丁语 schema（形状、图式）← 希腊语 skhēma（样子、格局）← ekhein（持）	an organized plan for doing something, sometimes a dishonest one	一张纸上画着方框和箭头，哪一步接哪一步都标死了	计划/方案/阴谋	The council approved the scheme.|They schemed to take his land.	the shape a thing is held in, set down in advance – 一样东西被安排成的格局，事先就定死	计划：事先把步骤摆成一个固定格局|方案：这个格局写下来交人看的成品|阴谋：同样是摆好的格局，只是摆的人不打算让你知道	
W	epoch	noun	/ˈiːpɒk/	ekhein	epi-（在上）+ ekhein（按住）→ epokhē（被按停的那一点）→ 从那一点起另算的一段	希腊语 epokhē（停住、定点）← epi（在上）+ ekhein（按住）——把连着走的时间按停，从那一点起另算	a long period of history marked off by something important	年表上划下一道线，线左边是一种活法，右边完全是另一种	时代/纪元	The invention began a new epoch.|Rome fell at the end of that epoch.	a point where time is held still and counting starts over – 时间被按停的那一点，从此重新起算	时代：被大事切出来的一长段，前后活法不同|纪元：从被按停的那一点起算的计年起点	
W	mile	noun	/maɪl/	mille	mille passuum（一千双步）→ 古英语 mīl → 一千步那么长的一段路	古英语 mīl ← 拉丁语 mille passuum（一千双步）——古罗马以一千双步为一里	a unit of distance equal to about 1.6 kilometres	路边石头一块块过去，走到第一千步那块才算走完一段	英里/一大段路	The town is three miles away.|We walked for miles.	the length that a thousand paces come to – 一千步走出来的那段长度	英里：约合一点六公里的长度单位|一大段路：口语里拿它泛指很远，如 walked for miles	
W	million	noun	/ˈmɪljən/	mille	mille（一千）+ -one（加大）→ 意大利语 milione：一个「大号的千」→ 一千个千	意大利语 milione（大的一千）← mille（一千）+ 加大后缀 -one	the number 1,000,000	一千个口袋，每袋装一千颗豆子，全堆在一间屋里	百万/无数	The city has two million people.|I have a million things to do.	a thousand thousands, the thousand made big – 一千个一千，被放大过的那个千	百万：一千乘一千得出的那个数|无数：口语里拿这个数泛指多得数不清	
W	millionaire	noun	/ˌmɪljəˈneə/	mille	million（一千个千）+ -aire（持有者）→ 家当要用这个数来点的人	法语 millionnaire ← million（百万）+ -aire（持有者）← 拉丁语 mille（一千）	a person who has at least a million pounds or dollars	他名下的数字后面跟着六个零，房子车子都不用先问价	百万富翁/大富豪	Her uncle is a millionaire.|He became a millionaire at thirty.	the one whose money is counted in big thousands – 家当要拿「千个千」来数的那个人	百万富翁：资产达到一百万的人|大富豪：由此泛指极有钱的人	
W	millimeter	noun	/ˈmɪlɪmiːtə/	metron	milli-（千分之一，← mille 一千）+ metre（米，← metron 量度）→ 一米切成一千格，取其中一格	法语 millimètre，由拉丁语 mille（一千）＋希腊语 metron（量度）合成	a unit of length equal to one thousandth of a metre	钢尺上一米被切成一千格，最细的那一格几乎看不清刻线	毫米	The gap is only two millimeters wide.|Ten millimeters of rain fell in an hour.	one of the thousand parts a metre is cut into – 一米均分成一千份里的一份		
W	avert	verb	/əˈvɜːt/	vert	a-（离开）+ vert（转）→ 把脸或事头转开 → 不让它撞上来	拉丁语 avertere（转开、避开）← ab（离开）+ vertere（转）	to turn something away, or to stop something bad from happening	车头眼看要撞上，他猛地把方向盘往旁边一带	避免/转移开	Quick thinking averted a crash.|She averted her eyes.	to turn a thing aside so that it never arrives – 把它转向一边，让它到不了	避免：把要撞上来的事转开，使它不发生|转移开：把目光或注意从这边转到别处	
W	anniversary	noun	/ˌænɪˈvɜːsəri/	vert	annus（年）+ vers（转）→ 年头转满一圈又落回同一天	拉丁语 anniversarius（一年一转的）← annus（年）+ versus（转，vertere 的过去分词）	the day in each year when you remember something that happened	日历翻了一整圈，又翻到那一格，格子上还留着去年画的圈	周年/纪念日	Today is their tenth anniversary.|They marked the anniversary quietly.	the year turning right round to the very same day – 年份转满一圈，又落回同一天	周年：满一年整，日子转回原处|纪念日：转回来的那一天专用来记那件事	
W	controversy	noun	/ˈkɒntrəvɜːsi/	vert	contra-（对着）+ vers（转）→ 两边都转过来对着 → 各执一词僵着	拉丁语 controversia ← controversus（转过来相对的）← contra（对着）+ versus（转，vertere 的过去分词）	a long public argument in which people strongly disagree	两拨人在报纸上来回登文章，谁也不肯先收声	争议/争论	The plan caused great controversy.|The book is still a controversy.	two sides turned to face each other and neither gives way – 两边转过来正对着，谁也不让	争议：一件事上众人转成对立的两面，公开僵着|争论：这两面来回交锋的那个过程	
W	prose	noun	/prəʊz/	vert	pro-（向前）+ vers（转）→ prorsus（一路朝前、不折回）→ 写到行末不转回，接着往下走	古法语 prose ← 拉丁语 prosa oratio（直说的话）← prorsus ← proversus（朝前转的）← pro（向前）+ vertere（转）——与诗在行末折回相对	ordinary written language, not arranged in lines of poetry	一段字从左顶到右，一行满了接着下一行，没人管它在哪儿断	散文/平铺直叙的文字	He writes prose, not poetry.|The prose is plain and clear.	words running straight on, never turning back at a line's end – 话一路朝前走，不在行末折回	散文：不分行、不押韵的普通文字|平铺直叙的文字：由此引申指没有起伏、只一路说下去的文句	
W	honor	noun / verb	/ˈɒnə/	honos	honos（众人给的看重）→ 得着这份看重，或把它给出去	古法语 honor ← 拉丁语 honor / honos（体面、众人的看重）	great respect given to someone, or the giving of it	全场的人一齐站起来，掌声一直等到他坐下才停	荣誉/尊敬/履行	It was an honor to meet her.|They honored him with a medal.	the regard a crowd gives, and the act of giving it – 众人给出的那份看重，以及给出它这个动作	荣誉：从众人那里得到的看重本身|尊敬：把这份看重给出去的态度|履行：把承诺当成要守的体面，照数兑现	
W	honest	adjective	/ˈɒnɪst/	honos	honos（体面）+ -estus（配得上的）→ honestus：拿得出去见人的 → 不藏不假	古法语 honeste ← 拉丁语 honestus（体面的、配得上敬重的）← honos	telling the truth and not cheating anyone	账本摊开随人翻，哪一页都不用事先抽走	诚实的/正直的	Give me an honest answer.|She is honest about money.	fit to be looked at by anyone, so nothing needs hiding – 经得起众人看，所以没什么要藏	诚实的：说的就是真的，不掺假|正直的：做的事也经得起看，不走暗路	
W	honorable	adjective	/ˈɒnərəbl/	honos	honos（看重）+ -abilis（可…的）→ 值得旁人给出这份看重的	古法语 honorable ← 拉丁语 honorabilis（值得敬重的）← honorare ← honos	deserving respect because of fair and decent behaviour	他本可以不认那笔旧账，最后还是一分不少地还了	光荣的/可敬的	He made an honorable choice.|It was an honorable defeat.	worth the regard that a crowd would give – 配得上众人那份看重	光荣的：这件事本身值得众人看重|可敬的：做这事的人因此值得旁人敬重	
W	compare	verb	/kəmˈpeə/	par-equal	com-（一起）+ par（相等）→ 把两样摆到同一水平上 → 横着看差在哪	拉丁语 comparare（并列、比较）← com（一起）+ par（相等的）	to look at two things together to see how they are alike or different	两块布并排摊在光下，一寸寸挨着看颜色差多少	比较/相比	Compare the two answers carefully.|Nothing compares with home.	to set two things on one level and look across – 把两样摆到同一水平上，横着看过去	比较：并排摆开，逐处看异同|相比：拿一样对着另一样衡量高下	
W	comparison	noun	/kəmˈpærɪsn/	par-equal	com-（一起）+ par（相等）+ -ison（名词）→ 把两样摆平了看这件事	古法语 comparaison ← 拉丁语 comparationem ← comparare ← com（一起）+ par（相等的）	the act of looking at two things together to see how they differ	一张表分左右两栏，每一行左边填一个数、右边填一个数	比较/对比	The comparison is not fair.|Draw a comparison between them.	the act of putting two on one level to see the gap – 把两样摆平了看差距这件事	比较：把两者并列衡量的那个过程|对比：把差异摆出来的那种并列，重在显出不同	
W	peer	noun	/pɪə/	par-equal	par（相等）→ 古法语 per（同等的人）→ 与你站在同一层上的人	古法语 per（同等的人）← 拉丁语 par（相等的）	a person of the same age, rank, or ability as another	一排座位上的人年纪相当、职级相当，谁也不必先向谁点头	同龄人/同辈/同等地位的人	He is respected by his peers.|Teenagers feel peer pressure.	the one standing on your own level, neither above nor below – 站在与你同一层上的人，不高不低	同龄人：年纪与你相当的人|同辈：辈分、资历与你相当的人|同等地位的人：职级或身份与你平齐的人，如同行评议	
W	poet	noun	/ˈpəʊɪt/	poiein	poiein（造）→ poiētēs（造的人）→ 拿词当料造东西的那个人	古法语 poete ← 拉丁语 poeta ← 希腊语 poiētēs（制作者）← poiein（做、造）	a person who writes poems	他为一行字里的一个词换了七遍，像木匠在找一块合缝的料	诗人	The poet read to a small crowd.|She is a better poet than critic.	the maker, only his material is words – 手艺人，只是他的料是词		
W	poem	noun	/ˈpəʊɪm/	poiein	poiein（造）→ poiēma（造出来的那件东西）→ 用词造成的那一件成品	拉丁语 poema ← 希腊语 poiēma（做成之物）← poiein（做、造）	a piece of writing in lines, chosen for its sound and rhythm	半页纸上二十来行字，每行长短都掐过，念出来有轻有重	诗/诗歌	He wrote a poem about the sea.|The poem is only eight lines.	the thing made, when the material is words – 造出来的那件成品，用的料是词	诗：用词造成的那一件，讲究分行与声音|诗歌：泛指这一类作品，或与歌相连的那一种	
W	poetry	noun	/ˈpəʊɪtri/	poiein	poiein（造）→ poeta（造的人）→ poetria：这门手艺，以及它做出来的全部	中世纪拉丁语 poetria ← 拉丁语 poeta ← 希腊语 poiētēs ← poiein（做、造）	poems taken as a whole, or the art of writing them	书架上整整一层都是分行的书，从荷马一路排到今年	诗歌/诗艺	She teaches poetry at the college.|There is poetry in his letters.	the craft of making with words, and everything it has made – 用词做东西这门手艺，以及做出来的全部	诗歌：这一类作品的总称|诗艺：把词造成诗的那门手艺本身	
W	cater	verb	/ˈkeɪtə/	cep	cep（拿取、接过）→ acater（去买进来）→ 替一场宴席把吃的采买齐 → 备好别人要的	英语 caterer 的回构动词 ← 古北法语 acatour（采买人）← acater（买进）← 通俗拉丁语 accaptare ← ad + captare ← capere（拿取）	to provide food for an event, or to provide what someone needs	宴席前一天，他一车车把菜拉进后厨，按人头点了数	承办酒席/迎合/满足需求	They catered our wedding.|The hotel caters for families.	to go and take in what other people are going to need – 替别人把要用的东西买进来备着	承办酒席：把宴席要的食物采买齐、送到场|迎合：把对方想要的先备好递上去|满足需求：泛指为某类人备齐他们要的那些东西	
W	purchase	verb / noun	/ˈpɜːtʃəs/	cep	pur-（向前，即 pro）+ chase（追，← capere 拿取）→ 一路追着，把它拿到手 → 花钱买下	古法语 porchacier（追求、设法取得）← pur-（向前）+ chacier（追，← 通俗拉丁语 captiare ← capere 拿取）	to buy something, especially something large or costly	他看中那台机器，跑了三趟、谈了价，最后签字提货	购买/所购之物	She purchased the house last year.|Keep your receipt for every purchase.	to chase a thing down until it is in your hands – 一路追着，直到它落进你手里	购买：追着谈成、付钱把东西拿到手|所购之物：这样拿到手的那件东西本身	
W	pile	noun / verb	/paɪl/	compilare	pila（柱、垛）→ 一样样往上码，越码越高 → 立着的那一垛	古法语 pile（一堆、垛）← 拉丁语 pila（石柱、垛）	a number of things lying one on top of another, or to put them so	书一本压一本码到齐胸高，最上面那本一碰就要滑下来	堆/摞/堆积	A pile of letters waited for him.|She piled the plates in the sink.	things laid one on another until they stand up as one lot – 一样样叠上去，最后成为立着的一垛	堆：一样样叠起来形成的那一垛|摞：偏指叠得整齐的那一叠|堆积：不断往上叠、越积越多这个过程	
W	pillar	noun	/ˈpɪlə/	compilare	pila（石柱）→ 古法语 piler → 一根立着顶住上面重量的柱	古法语 piler ← 中世纪拉丁语 pilare ← 拉丁语 pila（石柱、垛）	a tall upright post that holds up part of a building	殿前一排石头立着，屋顶整个压在它们头上	柱子/支柱/栋梁	Stone pillars hold up the roof.|She is a pillar of the community.	one upright stack of stone taking the weight above – 立着的一垛石头，顶着上面的重量	柱子：立着承重的那一根|支柱：由此引申指一件事赖以站住的关键部分|栋梁：指人，某个群体全靠他撑着	
W	couch	noun	/kaʊtʃ/	loc	col-（一起）+ loc（地点）→ collocare（安放到位）→ coucher（放躺下）→ 供人躺下的那件家具	古法语 couche（卧处）← coucher（使躺下）← 拉丁语 collocare（安置）← com（一起）+ locare（放）← locus（地点）	a long soft seat for two or more people to sit or lie on	客厅靠墙那件长长的软家具，人一坐下就往后陷	长沙发/卧榻	He fell asleep on the couch.|They pushed the couch to the wall.	the place a body gets laid down – 把身子安放下来的那一处	长沙发：客厅里供多人坐卧的那件长软座|卧榻：偏指专供躺卧的那种，如诊室里的诊床	
W	pub	noun	/pʌb/	publicus	publicus（属于众人的）→ public house（对众人开门的屋子）→ 截短成 pub	public house（公众可入的酒馆）的截短形 ← 拉丁语 publicus（属于民众的）← populus（人民）	a building where people go to drink beer and talk	街角一扇门谁都能推开，里面木桌旁坐满了下班的人	酒馆/小酒吧	They met at the pub after work.|The pub closes at eleven.	the house whose door stands open to anyone – 那间对谁都开着门的屋子	酒馆：对公众开放、卖酒供人聚坐的地方|小酒吧：规模不大的这类去处，英国街区常见	
W	elaborate	adjective / verb	/ɪˈlæbərət/			拉丁语 elaboratus ← elaborare（费工做出来）← ex（出来）+ laborare（劳作）← labor（劳苦）	having many carefully worked parts, or to add more detail to something	一只木盒每一面都刻满花纹，边角还嵌了细银丝	精心制作的/详尽的/详细说明	She wore an elaborate headdress.|Could you elaborate on that point?	worked over at length until every part shows the effort – 费足了工夫做出来，每一处都看得见下过的功	精心制作的：处处下过工夫，细节做足|详尽的：内容也一样做足，条条铺开|详细说明：把已说的再往细处做一层	
W	lab	noun	/læb/			英语 laboratory 的截短形 ← 中世纪拉丁语 laboratorium（做工的屋子）← laborare（劳作）	a room fitted out for scientific work	长台上一排玻璃器皿，穿白衣的人低头看刻度	实验室	The samples are still in the lab.|She works in a language lab.	the room set aside just for doing the work – 专门腾出来做那件事的一间屋		
W	brace	noun / verb	/breɪs/			古法语 brace（两臂张开之长）← 拉丁语 bracchia（两条手臂，bracchium 的复数）	something that holds parts firmly in place, or to get ready for a shock	墙上裂了缝，工人斜着钉上两根木条把它顶住	支撑物/绷紧/撑住	A metal brace held the beam.|Brace yourself for bad news.	two arms thrown round a thing to hold it steady – 两条胳膊环上去，把东西箍住不动	支撑物：钉上去把东西固定住的那一件|绷紧：像两臂用力那样把自己收紧|撑住：预先绷住身子，迎接要来的冲撞	
R	novus	nov/novel	拉丁语 novus（新的、初次出现的）；指小形 novellus 指新出的小东西，经古法语与意大利语 novella（新故事）入英语；renovare 即 re-＋novus（再变新）	just come into being, not seen before / 刚出现、此前没见过的	树枝顶端那截嫩芽颜色比别处浅，昨天这里还什么都没有	new, newly appeared	new	初次出现	domain-make
R	calx	calc/calcul/chalk	拉丁语 calx（属格 calcis：石灰石、石灰）；指小形 calculus 指小石子，罗马人在板上摆石子记数，算术一义由此而来；古英语 cealc 是早期从拉丁语借入的同一词	a small white stone from burnt lime / 一粒烧石灰得来的白色小石	手心里一把白色小石粒，捏碎搓成粉，指缝间簌簌往下落	limestone, lime, small pebble	pebble	白石小粒	domain-shape
R	fabrica	fabric/forge	拉丁语 fabrica（工坊、手艺活）← faber（匠人）；通俗拉丁语缩作 *faurga，经古法语 forge 入英语，故 forge 与 fabric 同出一词	a workshop where parts are worked into a whole / 把零件做成整件的那间工坊	棚子底下摆着砧和料，匠人一件件敲打拼接，出来的是原先没有的东西	workshop, craft, to construct	workshop	工坊造作	domain-make
R	lacere	lic/lect/light	拉丁语 lacere（诱引、勾住），只存于复合词：delicere（引开、逗引）派出 deliciae（乐事）与 delectare（使愉悦）；与 placere（使中意）本是两个不相干的拉丁词，勿混	to draw someone in by pleasing them / 用好处把人勾过来	厨房飘出一股味道，本来要走的人停下脚，往那边看	to entice, allure, draw in	entice	引诱勾住	domain-force
W	assist	verb	/əˈsɪst/	sta	ad-（靠近）+ sist（站立）→ 站到旁边去搭手	拉丁语 assistere：ad-（靠近）+ sistere（站立）；sistere 与 stare 同源	to help someone do something	他一个人搬不动，另一个人走到旁边搭上一只手，一起抬起来	协助/帮助	A nurse assisted the surgeon.|He assisted me with the forms.	standing beside someone to lend a hand – 站到人旁边搭上一只手	协助/帮助：站到旁边去搭手，出力的是次要那一方	
W	consist	verb	/kənˈsɪst/	sta	con-（一起）+ sist（站立）→ 若干成分一起立住成为整体	拉丁语 consistere：com-（一起）+ sistere（站立）；sistere 与 stare 同源	to be made up of certain parts	拆开看是三样东西，合起来立在那儿才是一件完整的	由...组成/在于	Water consists of hydrogen and oxygen.|Her charm consists in her honesty.	several parts standing together as one thing – 几个成分一起立住成为一件	由...组成：若干成分一起立着构成整体|在于：要害就立在那一处，不在别处	
W	distance	noun	/ˈdɪstəns/	sta	dis-（分开）+ sta（立）→ 两者分开各立一处 → 中间隔出的那一段	古法语 destance ← 拉丁语 distantia ← distare：dis-（分开）+ stare（站立）	the amount of space between two points	两根桩子各钉一头，中间那段拿绳量出来有多长	距离/远处/疏远	The distance between the towns is short.|She kept her distance from him.	the space left between two things standing apart – 两物各立一处，中间空出的那段	距离：两点之间空出的那段长度|远处：那段长到看不清那头|疏远：人和人之间也空出这么一段	
W	exist	verb	/ɪɡˈzɪst/	sta	ex-（出来）+ sist（站立）→ 立出来能被看见 → 是有这么一个	拉丁语 existere：ex-（出来）+ sistere（站立）；sistere 与 stare 同源	to be real or present in the world	传说里的那种鸟，有人真在林子里拍到了一张	存在/生存	Dragons do not exist.|Some families exist on very little.	standing out where it can be found – 立出来、找得到	存在：立在世上能被找到|生存：勉力立着不倒下	
W	existence	noun	/ɪɡˈzɪstəns/	sta	exist（立出来）+ -ence → 立在世上这个状态	古法语 existence ← 晚期拉丁语 existentia ← existere：ex-（出来）+ sistere（站立）	the state of being real or of staying alive	名册上有这一栏，写着他从哪年起在这世上	存在/生存	They doubted the existence of life there.|He led a lonely existence.	the state of standing out in the world – 立在世上这个状态	存在：立在世上这件事本身|生存：立着不倒的那种日子	
W	insist	verb	/ɪnˈsɪst/	sta	in-（在上）+ sist（站立）→ 死死站在那一点上不挪	拉丁语 insistere：in-（在上）+ sistere（站立）；sistere 与 stare 同源	to say or demand something firmly and repeatedly	别人都改口了，他还站在原处把那句话又说了一遍	坚持/坚决要求	She insisted that he was wrong.|He insisted on paying the bill.	planting oneself on one point and not moving off it – 站定在一点上不肯挪	坚持：站在那一点上不挪|坚决要求：站着不挪并要对方照办	
W	persist	verb	/pəˈsɪst/	sta	per-（贯穿到底）+ sist（站立）→ 一路站到底不倒	拉丁语 persistere：per-（贯穿）+ sistere（站立）；sistere 与 stare 同源	to keep on doing something, or to continue to exist	雨下了三天没停，那面旗还在杆上没被打下来	坚持/持续存在	He persisted despite every setback.|The smell persisted for weeks.	standing through to the end without going down – 一路站到底没倒	坚持：人一路站到底不放手|持续存在：现象也一样立着不散	
W	substance	noun	/ˈsʌbstəns/	sta	sub-（在下）+ sta（立）→ 立在底下托着表象的那个东西	古法语 substance ← 拉丁语 substantia ← substare：sub-（在下）+ stare（站立）	a material with particular qualities; the most important part of something	刮掉外面那层漆，底下托着整件东西的那块料露出来	物质/实质/要点	A sticky substance covered the floor.|The substance of his talk was simple.	what stands underneath and holds the thing up – 立在底下把整件托住的那个	物质：立在底下的那块料|实质：撑着表象的那个内核|要点：一段话里真正托着它的那句	
W	absent	adjective	/ˈæbsənt/	praeesse	ab-（离开）+ sent（esse 在）→ 不在这儿；与 praesens（在眼前）正好一对	拉丁语 absentem ← absens，abesse（不在）的现在分词，由 ab-（离开）＋ esse（是、在）构成	not in the place where one is expected to be	点名一路点下去，第三排那个位子空着，本子还摊在桌上	缺席的/不在的/心不在焉的	Two students were absent today.|He had an absent look on his face.	the seat where someone should be found is empty – 该找到人的那个位子空着	缺席的：该来的人没到|不在的：那个位子上没有他|心不在焉的：人在座上，心不在这儿	
W	entity	noun	/ˈentəti/	praeesse	ent（esse 的现在分词 ens：在着的）+ -ity → 在着的那一个，自成一个的东西	中世纪拉丁语 entitas ← ens（属格 entis：存在物），是 esse（是、在）的现在分词	something that exists separately from other things	表格上把这家公司单独列一行，账目和别处不混，出事也只找它	实体/独立存在物	The company is a separate legal entity.|They treat each branch as one entity.	a thing that stands on its own as one – 自己成一个、不并进别处的那一个	实体：能单独算一个、独立在着的那样东西|独立存在物：与别的分得开、自成一份的那个	
W	essence	noun	/ˈesns/	praeesse	ess（esse 是、在）+ -ence → 一样东西「是它自己」所靠的那一点	古法语 essence ← 拉丁语 essentia（存在、本性），由 esse（是、在）造出	the quality that makes something what it is; a concentrated extract	一筐花瓣熬到最后剩小半瓶，味道比整筐还冲	本质/精华/香精	Freedom is the essence of democracy.|Add a few drops of vanilla essence.	what is left when everything else is taken away – 别的都去掉之后剩下的那一点	本质：去掉外面一切、它还是它所靠的那点|精华：一大堆里提出来的那一小份|香精：提到浓得发冲的那瓶	
W	essential	adjective	/ɪˈsenʃl/	praeesse	ess（esse 是、在）+ -ential → 关乎它「是不是它」的 → 少了就不成的	晚期拉丁语 essentialis ← essentia（存在、本性）← esse（是、在）	so important that something cannot work or exist without it	清单上划掉几样还照样出发，划到那一样时手停住了，没它根本走不了	必不可少的/本质的	Water is essential to all life.|Read the essential facts first.	the part you cannot take out and still have the thing – 抽掉它这东西就不成立了	必不可少的：少了它整件事办不成|本质的：关乎它到底是不是它的那一层	
W	interest	noun / verb	/ˈɪntrəst/	praeesse	inter-（在两者之间）+ est（esse 在）→ 这事横在我这边，与我有牵连	古法语 interest ← 拉丁语 interest（interesse 的第三人称：夹在中间、有关系），由 inter（在中间）＋ esse（是、在）构成	a feeling of wanting to know more; an advantage or share; money paid for a loan	本来是别人的事，说到一半提到他家那块地，他把椅子往前挪了挪	兴趣/利益/利息/使感兴趣	She has a strong interest in history.|The loan carries high interest.	a thing that stands between you and it, so it concerns you – 那事与你之间有一层牵连，于事关己	兴趣：牵连一旦搭上，人就想多知道|利益：牵连里落到自己这边的那份好处|利息：借出的钱与人之间那份牵连按时结出的数|使感兴趣：把这层牵连搭到别人身上	
W	immediate	adjective	/ɪˈmiːdiət/	medius	im-（不）+ medi（medius 中间）+ -ate → 中间不隔任何东西 → 挨着的、当下的	中世纪拉丁语 immediatus：in-（不）＋ mediatus（居间的）← medius（居中的）	happening or done at once; nearest in space or relation	手指刚碰到开关，灯就亮了，中间没有一点空隙	立即的/直接的/最接近的	We need an immediate answer.|Only immediate family members attended the service.	with nothing standing in the middle – 中间不隔一层，直接挨上	立即的：时间上中间不隔一点空|直接的：中间不经别人转手|最接近的：位置或关系上贴着的那一圈	
W	intermediate	adjective	/ˌɪntəˈmiːdiət/	medius	inter-（在两者之间）+ medi（medius 中间）+ -ate → 正落在两头之间那一档	中世纪拉丁语 intermediatus ← 拉丁语 intermedius：inter（在中间）＋ medius（居中的）	coming between two levels, stages, or places	三级台阶，他站在当中那级，上一级和下一级都伸手可及	中级的/中间的	She joined the intermediate class.|We stopped at an intermediate station.	the step that sits between the low one and the high one – 夹在低的那档与高的那档中间的一级	中级的：程度上不高不低的那一档|中间的：位置上夹在两处之间的那一处	
W	meanwhile	adverb	/ˈmiːnwaɪl/	medius	mean（medianus 居中的）+ while（一段时间）→ 夹在两件事之间那段时间里	中古英语 mean（← 古法语 meien ← 晚期拉丁语 medianus 居中的 ← medius）＋ 古英语 hwīl（一段时间）	during the same period of time; at the same time	锅在灶上咕咕响着，她趁这段工夫把碗一只只擦干	同时/与此同时	Meanwhile, the others waited outside.|You can read the notes meanwhile.	the stretch of time lying in between – 夹在两头之间那一段时间里	同时：两件事占着同一段时间|与此同时：说完这头，另一头在同一段时间里也在动	
W	medieval	adjective	/ˌmediˈiːvl/	medius	medi（medius 中间）+ ev（aevum 时代）+ -al → 属于中间那个时代的	近代拉丁语 medievalis ← medium aevum（中间的时代），由 medius（居中的）＋ aevum（时代）合成	belonging to the period between ancient and modern times	石头城墙上留着箭孔，护城河的水面漂着落叶，桥板还能吱呀地放下来	中世纪的/中古的	The town has a medieval castle.|He studies medieval church music now.	belonging to the age that lies between the old and the new – 属于夹在古与今之间那个时代	中世纪的：属于古今之间那一大段时期|中古的：那一段里的做法与样式	
W	medium	noun / adjective	/ˈmiːdiəm/	medius	medium（medius 的中性名词：居中之物）→ 居中那一档；夹在两头之间传东西的那个	拉丁语 medium（中间、中介）是 medius（居中的）的中性名词形	a means by which something is passed on; a middle level or size	两间屋隔着一道墙，话是靠管子从这头传到那头的	媒介/中等的/手段	Television is a powerful medium.|He wears a medium shirt.	what sits between two ends and carries across – 夹在两头之间、靠它过去的那个	媒介：夹在两头之间把东西递过去的那个|中等的：不大不小、落在当中那一档|手段：借它到达那一头的那个	
W	award	noun / verb	/əˈwɔːd/	wardon	a-（向）+ ward（wardon 看守、审视）→ 审看过之后把东西递到该得的那个人手上	盎格鲁法语 awarder（裁定）：a-（向）＋ warder，是古法语 guarder（看守、审视）的诺曼变体 ← 法兰克语 *wardon	a prize given for something done well; to give such a prize officially	几个人把稿子看了两遍，抬头对了一下眼神，把那只小铜像推到其中一人面前	奖/授予/判给	She won an award for her novel.|The judge awarded him damages.	looked over and then handed to the one who earned it – 看过一遍，再把东西递给该得的那个	奖：审看之后递过去的那样东西|授予：正式地把它递到那人手上|判给：审断之后归到某一方名下	
W	guard	noun / verb	/ɡɑːd/	wardon	guard（wardon 看守）→ 眼睛盯住一处不移开，不让人进去	古法语 guarde/guarder（看守）← 法兰克语 *wardon（守望、看顾），与英语 ward 同出此支	to keep something safe by watching it; a person who does this	门口那人站了一夜没坐下，谁往里走都被伸手拦一下	守卫/看守/警惕	Two men guarded the gate.|Be on your guard at night.	eyes fixed on one place so nothing gets past – 眼睛钉在一处，谁也过不去	守卫：把眼睛盯住一处不让人过|看守：干这件事的那个人|警惕：心里也这么盯着，不放松	
W	reward	noun / verb	/rɪˈwɔːd/	wardon	re-（回过来）+ ward（wardon 看顾）→ 看见他做了什么，拿东西回过去	盎格鲁法语 rewarder（回看、酬答）：re-（回）＋ warder，是古法语 guarder（看守）的诺曼变体 ← 法兰克语 *wardon	something given in return for good work or help	他把丢的钱包送回来，主人回屋取了一样东西塞进他手里	报酬/奖赏/酬谢	He got a reward for his honesty.|Hard work rewards you later.	seeing what someone did and sending something back – 看见他做的，再把东西回过去	报酬：因他做过的事回过去的那一份|奖赏：分量更重、当众给的那一份|酬谢：把这份心意回到人身上	
W	ward	noun	/wɔːd/	wardon	ward（wardon 看守）→ 被看着的那一片地方，或被看着的那个人	古英语 weard（守望、看守），与法兰克语 *wardon 同出原始日耳曼语一支，故与 guard 同源	a room in a hospital with several beds; a person under someone's legal care	白大褂推门进来，一排床挨着摆，她在每张床脚停一下看一眼	病房/受监护人	She works in the children's ward.|The boy became a ward of court.	the space or person kept under watch – 被看着的那一片，或被看着的那一个	病房：一排床都在护士眼皮底下的那一间|受监护人：由别人看着、替他做主的那个人	
W	wardrobe	noun	/ˈwɔːdrəʊb/	wardon	ward（wardon 看守）+ robe（衣物）→ 替人看着衣物的那个地方	古法语 warderobe（存衣处），是 garderobe 的诺曼变体：garder（看守）← 法兰克语 *wardon ＋ robe（衣物）	a tall cupboard for clothes; all the clothes a person owns	拉开那扇高门，里头一根横杆挂满衣架，底下还码着两只鞋盒	衣柜/全部衣物	Hang your coat in the wardrobe.|She bought a whole new wardrobe.	the place that keeps your clothes for you – 替你把衣物看着的那一处	衣柜：立着的那个存衣物的柜子|全部衣物：一个人存在里头的那一整套	
W	innovation	noun	/ˌɪnəˈveɪʃn/	novus	in-（进入）+ nov（novus 新的）+ -ation → 把新东西弄进原来那一套里	拉丁语 innovatio ← innovare：in-（进入）＋ novare（使变新）← novus（新的）	a new method or idea brought into use	车间里那道工序照老样子做了十年，有人改了一下，当天出来的件就不一样了	创新/革新/新举措	The factory introduced several innovations.|Innovation drives the whole car industry.	putting something never used before into the old way – 把从没用过的东西放进原来那套里	创新：想出并做出前所未有的做法|革新：把旧的那一套换成新的|新举措：被放进来的那个具体新做法	
W	novel	noun / adjective	/ˈnɒvl/	novus	novellus（novus 的指小形：新出的小东西）→ 新出的故事；也指从没见过的	古法语 novel（新的）与意大利语 novella（新故事）← 拉丁语 novellus，是 novus（新的）的指小形	a long written story; not like anything seen before	手里那本厚册子一口气翻到半夜；书里的写法从没见人这么用过	小说/新奇的	She wrote her first novel at thirty.|That is a novel approach.	a fresh piece that has not been told or seen before – 新出的那一份，此前没被讲过、没被见过	小说：一册新讲出来的长故事|新奇的：此前没见过这一种	
W	novelty	noun	/ˈnɒvlti/	novus	novel（novus 新的）+ -ty → 新出这个性质；也指靠这股劲吸引人的小物件	古法语 novelte ← 晚期拉丁语 novellitas ← novellus（新出的）← novus（新的）	the quality of being new and unusual; a small unusual object	头两天人人围着看，到第七天它摆在那儿，谁也不多瞧一眼	新奇/新鲜感/小玩意	The novelty soon wore off.|They sell novelties at the fair.	the freshness that only lasts while a thing is still new – 只在东西还新时存在的那股劲	新奇：此前没见过这一种的那个性质|新鲜感：这股劲留在人心里的那一阵|小玩意：全靠这股劲卖出去的那种小东西	
W	renovate	verb	/ˈrenəveɪt/	novus	re-（再）+ nov（novus 新的）+ -ate → 把旧的再弄成新的	拉丁语 renovare 的过去分词 renovatus：re-（再）＋ novare（使变新）← novus（新的）	to repair an old building so that it looks new again	屋顶掀了重铺，墙皮铲掉刷白，同一栋老房子看着像刚盖起来	翻新/修复	They renovated the old farmhouse.|The hotel was fully renovated.	making an old thing new a second time – 把旧的那件再一次做成新的	翻新：把旧东西整成像新的一样|修复：把坏掉的地方修回原样	
W	calcium	noun	/ˈkælsiəm/	calx	calc（calx 石灰石）+ -ium（元素名后缀）→ 从石灰里认出来的那种元素	近代拉丁语 calcium，1808 年戴维由拉丁语 calx（属格 calcis：石灰、石灰石）造出	a soft grey metal found in bones, teeth and lime	喝完一碗白汤去照片子，骨头那几道白得发亮	钙	Milk contains a lot of calcium.|Calcium keeps growing bones strong.	the stuff that lime and bones are both made of – 石灰与骨头里同一样的那种料		
W	calculate	verb	/ˈkælkjuleɪt/	calx	calcul（calculus：calx 的指小形，小石子）+ -ate → 摆石子记数 → 算出来	拉丁语 calculare 的过去分词 calculatus ← calculus（小石子），是 calx（石灰石）的指小形	to work out an amount or number using numbers	他在纸边上竖着列了三行数，笔尖一路往下点，末尾圈住一个数	计算/推算/估计	She calculated the total cost.|We calculated the risk first.	moving pebbles one by one until a number comes out – 一颗颗挪石子，最后挪出一个数	计算：按数一步步挪出结果|推算：由已知的往未知的那一步挪|估计：挪得不细，只求个大概数	
W	chalk	noun	/tʃɔːk/	calx	chalk（古英语 cealc，早期借自 calx 石灰）→ 能划出白痕的那种软白石	古英语 cealc（石灰、白垩），早期从拉丁语 calx（石灰）借入，与 calcium 同出一词	a soft white rock, or a stick of it used for writing	一截白棍在黑板上划过，留下一道粉白的痕，指头一抹就花了	粉笔/白垩	He wrote the date in chalk.|The cliffs are made of chalk.	soft white stone that leaves its mark when dragged – 一划就在别处留下白痕的软白石	粉笔：截成小棍、拿来写字的那一段|白垩：整片山体里那种软白的石	
W	fabric	noun	/ˈfæbrɪk/	fabrica	fabrica（工坊、做出来的东西）→ 坊里织出来的那块料；也指整件的构造	古法语 fabrique ← 拉丁语 fabrica（工坊、制成物）← faber（匠人）	cloth made by weaving; the basic structure of something	摊开一块布，经线纬线一根压一根，捏起一角能看见光从缝里透过来	织物/布料/结构	She chose a soft cotton fabric.|Trust holds the fabric of society.	threads worked into one whole piece – 一根根织到一处，成了整整一块	织物/布料：织成整块的那种料|结构：把整件东西撑住的那套编法	
W	fabricate	verb	/ˈfæbrɪkeɪt/	fabrica	fabric（fabrica 工坊）+ -ate → 在坊里把零件做成整件；也用于凭空做出一件	拉丁语 fabricare 的过去分词 fabricatus ← fabrica（工坊）← faber（匠人）	to make or assemble something; to invent something false	台钳上夹着几片铁，敲弯、焊拢，出来一件原先没有的东西	制造/编造/伪造	They fabricate parts for engines.|He fabricated the whole story.	putting pieces together into a thing that was not there – 把零件拼成一件原先不存在的东西	制造：把零件拼装成整件|编造：同样的手法用在一段没发生过的事上|伪造：照着真的做出一件假的	
W	forge	verb / noun	/fɔːdʒ/	fabrica	forge（fabrica 经通俗拉丁语 *faurga → 打铁棚）→ 在炉上锤成形；锤出来的也可以是假的	古法语 forge ← 通俗拉丁语 *faurga ← 拉丁语 fabrica（工坊），故与 fabric 同出一词	to shape metal by heating and hammering; to make a false copy	炉膛里那块铁烧到发红，夹出来搁在砧上，锤一下溅一片火星	锻造/伪造/锻炉	The smith forged an iron hook.|He forged his father's signature.	beaten into shape at the fire – 在火边一锤一锤打出形状来	锻造：烧红了锤出形状|伪造：同样是自己锤出来的，只是照着真的做|锻炉：干这件事的那座炉	
W	delicate	adjective	/ˈdelɪkət/	lacere	de-（引开）+ lic（lacere 逗引）+ -ate → 被逗着娇养出来的 → 细致而经不起碰	拉丁语 delicatus（娇养的、讲究的），与 deliciae（乐事）同支；其更早词源不明	finely made and easily damaged; needing careful handling	薄胎的杯子举到灯下能透光，指头稍一使劲就听见细响	精致的/脆弱的/微妙的	She wore a delicate silver chain.|This is a delicate matter.	made so fine that a heavy hand ruins it – 做得太细，手一重就毁了	精致的：做得细，经得起细看|脆弱的：细到一碰就坏|微妙的：事情细到一动就变，得轻着来	
W	delicious	adjective	/dɪˈlɪʃəs/	lacere	de-（引开）+ lic（lacere 逗引）+ -ious → 把人勾住的那种味道	古法语 delicieus ← 晚期拉丁语 deliciosus ← 拉丁语 deliciae（乐事）← delicere（引开、逗引）	having a very pleasant taste or smell	第一口下去人停了半秒，筷子又伸回同一个盘子	美味的/可口的	The soup was absolutely delicious.|A delicious smell filled the room.	a taste that pulls you back for more – 那味道把人又勾回去一口	美味的：味道好到把人勾住|可口的：吃着顺口，还想再来	
W	delight	noun / verb	/dɪˈlaɪt/	lacere	de-（引开）+ light（原为 delectare 使愉悦，后拼写被 light 带偏）→ 被逗得心里一亮	古法语 delitier ← 拉丁语 delectare（使愉悦），是 delicere（逗引）的反复形；中古英语原作 delite，后受 light 影响改拼 -ght	great pleasure, or to give someone great pleasure	孩子把盒子打开怔了一下，随后蹦起来抱住送东西的人	高兴/乐事/使高兴	She read the letter with delight.|The show delighted the children.	lit up inside by something good – 被好东西逗得里头一亮	高兴：心里被逗亮的那个状态|乐事：让人这样亮起来的那件事|使高兴：把这份亮劲给到别人身上	
W	impulse	noun	/ˈɪmpʌls/	pel	im-（往上加）+ puls（pellere 推）→ 从里头推来的那一下	拉丁语 impulsus（推动）← impellere：in-（往上、加上）＋ pellere（推）	a sudden wish to do something; a push that starts movement	站在货架前本来没打算买，手忽然自己伸过去把它放进筐里	冲动/一时兴起/推动力	He bought it on impulse.|The blow gave the ball impulse.	one shove from inside, before thinking – 里头推来那一下，还没想就动了	冲动：里头推来那一下，人跟着就做了|一时兴起：那一下过去也就没了|推动力：让东西动起来的那一推	
W	pulse	noun	/pʌls/	pel	puls（pulsus，pellere 推的过去分词）→ 一下一下推出来的那个跳	古法语 pouls ← 拉丁语 pulsus（推动、跳动），是 pellere（推）的过去分词	the regular beat of blood as the heart pushes it round	两指按在腕上不动，过一会儿指腹下面顶起来一下，隔一会儿又顶一下	脉搏/搏动/脉冲	The nurse took his pulse.|A pulse of light crossed the screen.	one push, then another, at even spacing – 推一下，隔一样长再推一下	脉搏：血被一下下推着走时手上摸到的那一顶|搏动：任何这样隔着相同间隔的一跳一跳|脉冲：一小股推出去、很快收住的那一下	
W	push	verb / noun	/pʊʃ/	pel	push（← pulsare，pellere 的反复形：一再推）→ 手上加力把东西推开	古法语 poulser/pousser ← 拉丁语 pulsare（一再推击），是 pellere（推）的反复形	to press against something to move it away from you	两手抵在箱子侧面往前送，箱底在地上擦出一声，挪开了半尺	推/推动/催逼	He pushed the door open.|She pushed him to try again.	force put on a thing to send it away from you – 加力在东西上，让它离手往外走	推：加力让东西离手往外|推动：让一件事往前走|催逼：把这股力加在人身上	
W	convenient	adjective	/kənˈviːniənt/	venire-invent	con-（一起）+ veni（venire 来）+ -ent → 各样条件都来到一处 → 省事	拉丁语 conveniens（相合的），是 convenire 的现在分词：com-（一起）＋ venire（来）	easy to use or reach, and not causing trouble	出门左手第二个门就是，买完还赶得上那班车	方便的/便利的/合适的	The shop is very convenient for us.|Pick a convenient time to meet.	everything coming together so nothing costs extra effort – 各样条件凑到一处，不用多费事	方便的：条件凑齐了，办这件事不费劲|便利的：地方或东西本身就近手|合适的：时间与安排也刚好凑上	
W	event	noun	/ɪˈvent/	venire-invent	e-（出来）+ vent（venire 来）→ 来了、出来了 → 发生的那件事	拉丁语 eventus（结果、发生的事）← evenire：ex-（出来）＋ venire（来）	something that happens, especially something important	日历上那一格圈着红圈，那天街上搭起棚子，人从早上就往那儿走	事件/大事/项目	The wedding was a happy event.|He won three events at the meeting.	a thing that has come out and taken place – 已经来出来、落地发生了的那一件	事件：发生了的那一件事|大事：发生得够分量、被记住的那件|项目：赛程里单独发生的那一场	
W	eventually	adverb	/ɪˈventʃuəli/	venire-invent	e-（出来）+ vent（venire 来）+ -ual + -ly → 到底还是来出来了 → 最后	近代拉丁语 eventualis ← 拉丁语 eventus（结果）← evenire：ex-（出来）＋ venire（来）	in the end, after a long time or much trouble	队排了两个钟头，前面的人一个个挪走，轮到他时天都黑了	最终/终于	He eventually agreed to help.|The delayed train eventually arrived.	coming out at last, after everything in between – 中间那些都过去了，它到底出来了	最终：一路到最后才出来的那个结果|终于：等了许久之后它出来了	
W	praise	verb / noun	/preɪz/	pretium	prais（pretium 价值）→ 把人做的事估出高价，并说出口	古法语 preisier ← 晚期拉丁语 pretiare（定价、看重）← 拉丁语 pretium（价格、价值）；与 precari（祈求）无关	to say that someone or something is very good	他把作业收上去翻了两页，抬头当着全班念了那一段	赞扬/称赞/表扬	The teacher praised her hard work.|His book won high praise.	putting a high value on it out loud – 把它估得很高，并且说出来	赞扬：当面把它估得高|称赞：说出它好在哪一处|表扬：在众人面前把这个估价讲一遍	
W	prize	noun / verb	/praɪz/	pretium	priz（pretium 价值）→ 值这个价的那样东西 → 奖品；动词是把它看得值	古法语 pris（价值、奖赏）← 拉丁语 pretium（价格、价值）	something given to the winner; to value something highly	台上那只银杯谁赢了就端走，捧着的人手一直没松	奖品/珍视	She won first prize in the race.|He prizes his grandfather's watch.	the thing judged worth having – 被判为值得的那一样	奖品：赢的人拿走的那件值钱东西|珍视：自己心里把它估得很高，舍不得	
W	commonwealth	noun	/ˈkɒmənwelθ/	mun	common（communis 共有的）+ wealth（福祉）→ 大家共有的那份好处 → 结成一体的国家	中古英语 commonwelth：common（← 拉丁语 communis 共有的）＋ wealth（福祉、财富）	a group of countries or states joined for shared purposes	几个岛各挂着自己的旗，每年派人坐到同一张长桌前把账目摊开	联邦/共同体/全体国民	Australia belongs to the Commonwealth.|The commonwealth funded the road.	the good that a group holds together – 一群人合在一处共有的那份好处	联邦：为共有的那份好处结成一体的一群国家|共同体：同样合在一处、利害相通的那一群|全体国民：这份好处所归属的所有人	
W	punch	verb / noun	/pʌntʃ/	punktum	punch（punctionem ← pungere 刺）→ 一下猛戳出去 → 出拳；也指戳孔的那件工具	中古英语 punchen ← 古法语 poinçonner ← 通俗拉丁语 punctiare ← 拉丁语 pungere（刺）；饮料那义另出印地语 pāñč（五）	to hit with a closed hand; a tool for making holes	他攥紧手往前送出去，正撞在沙袋中间，袋子晃了一下	用拳打/一拳/冲孔器	He punched the bag hard.|Punch two holes in the card.	the whole force gathered onto one small spot – 一股力全收到一个小点上顶进去	用拳打：把力收在拳头这一点上送出去|一拳：这样送出去的那一下|冲孔器：靠同一手法在纸或皮上顶出小孔的工具	
W	miracle	noun	/ˈmɪrəkl/			古法语 miracle ← 拉丁语 miraculum（奇事）← mirari（惊奇）← mirus（奇妙）	something wonderful that happens although it seems impossible	车翻进沟里烂成一堆，人从驾驶座爬出来，身上连道口子都没有	奇迹/奇事	It was a miracle that he survived.|She is hoping for a miracle.	a thing that happened though it should not have – 照理不该发生，却真发生了的那一件	奇迹：办不到的事偏偏成了|奇事：让人说不出所以然的那一件	
W	mirror	noun / verb	/ˈmɪrə/			古法语 mirour ← 通俗拉丁语 *miratorium ← 拉丁语 mirari（惊奇、看）← mirus（奇妙）	a piece of glass that shows what is in front of it	他抬头看见一张和自己一模一样的脸，抬手时那张脸也抬了手	镜子/反映	She looked at herself in the mirror.|His words mirror our own doubts.	a surface that gives back what stands before it – 一个面把跟前的东西原样还回来	镜子：把跟前的样子原样还回来的那块面|反映：一件事把另一件的样子照出来	
W	gaol	noun	/dʒeɪl/			诺曼法语 gaiole ← 中世纪拉丁语 gabiola ← 晚期拉丁语 caveola（小笼），是 cavea（围栏、笼）的指小形；与 jail 同出一词，只是拼写走了两路	a place where people are locked up as punishment	铁条门在身后合上，走廊两侧一格一格，钥匙串的声音越走越远	监狱/牢房	He spent two years in gaol.|The old gaol is now a museum.	a locked cage built for people – 给人造的那种上了锁的笼	监狱：整座锁着人的那处地方|牢房：里头一格一格关人的那一间	
R	prehendere	prehend/prehens/pris/prey	拉丁语 prehendere（伸手抓住），过去分词 prehensus；通俗拉丁语缩作 prendere，入古法语成 prendre（拿、抓），故英语这一支多拼作 pris；praeda（猎获物）是 prae-（在前）加同一个「抓」，即抓到手的那一份	reaching out and closing the hand on something / 伸手把东西攥进手里	手指合上，攥住的那样东西再挣也挣不脱	to seize, grasp, take hold of	seize	抓住不放	domain-hold
R	centum	cent/centi	拉丁语 centum（一百），centuria 是百人编成的一队；法语 cent 入英语后既作钱的百分位，也作构词成分的「百」	a full count of one hundred / 数满一百的那一整份	一百个格子排满一整版，数到最后一格刚好齐	one hundred	hundred	一百	domain-shape
R	intrare	enter/entr/entry	拉丁语 intrare（走进去）← intra（在里面）；古法语作 entrer，故英语这一支拼作 enter/entr	crossing the threshold from outside to inside / 从外面跨过门槛到里面	一只脚迈过门槛，人从外头到了里头，门在身后合上	to go in, step inside	enter	进到里面	domain-transfer
R	metiri	meas/mens/mensur	拉丁语 metiri（量），过去分词 mensus，名词 mensura（量出来的尺寸）；与希腊语 metron 同出印欧语「量」的词根，本项目按拉丁一支另立，照 regula 与 rect 的先例	laying a standard against a thing to see how much / 拿尺贴上去，看它有多少	卷尺贴着一段东西拉开，停在某一格上，那一格就是它的量	to measure, mark off a quantity	measure	量出多少	domain-shape
R	pes	ped/pedi/pede	拉丁语 pes（属格 pedis：脚），形容词 pedalis（脚上的）、pedester（步行的）；expedire 本义把脚从绊索里解出来，故「脚」是这一支的本象	the foot a body moves on / 人靠它往前走的那只脚	一只脚踩下去，重心压过去，身子跟着往前挪一步	foot, going on foot	foot	脚与步行	domain-transfer
W	comprehend	verb	/ˌkɒmprɪˈhend/	prehendere	com-（一并）+ prehend（prehendere 抓）→ 把整件事一把抓全	拉丁语 comprehendere：com-（一并）+ prehendere（抓住）——把一件事的各处一并抓住	to grasp the meaning of something fully	讲到第三遍时，那些散着的说法忽然连成一条线，心里一下子亮了	理解/领会	I cannot comprehend why she left so suddenly. | Young children rarely comprehend such abstract rules.	to grasp a thing whole in the mind – 把整件事一把抓全	抓住了整件事的形状是「理解」；抓得轻些、只抓住话里的意思是「领会」	
W	comprise	verb	/kəmˈpraɪz/	prehendere	com-（一并）+ pris（prehendere 抓）→ 一把抓进来的那些就是它的全部	古法语 compris（comprendre 的过去分词）← 拉丁语 comprehendere：com-（一并）+ prehendere（抓住）	to consist of the parts named	一只手把五六样零件全揽住，摊开给人看，就这些，不多不少	包含/由...组成/构成	The committee comprises twelve members from six countries. | Water comprises hydrogen and oxygen.	to take all the parts in together – 把各部分一并揽进来	揽住的那些都算在内是「包含」；从整体一侧看这同一件事是「由...组成」；从部件一侧看是「构成」	
W	enterprise	noun	/ˈentəpraɪz/	prehendere	entre-（伸到当中）+ pris（prehendere 抓）→ 伸手把一件难事抓下来	古法语 entreprise（entreprendre 的过去分词）：entre-（在当中）+ prendre（拿、抓）← 拉丁语 prehendere	a bold undertaking, or a business set up to carry one out	三个人凑齐钱租下一间空铺面，卷帘门一拉开就算开张	企业/事业/进取心	The family runs a small printing enterprise. | Building a canal here took real enterprise.	reaching in and taking on a hard job – 伸手把难事接下来	接下这摊事的那个组织是「企业」；这摊事本身是「事业」；敢伸手去接的那股劲是「进取心」	
W	prey	noun / verb	/preɪ/	prehendere	praeda（抓到手的那一份）与 prehendere 同一个「抓」→ 被抓住的那一方	古法语 preie ← 拉丁语 praeda（猎获物），由 prae-（在前）加与 prehendere 同源的「抓」构成	an animal hunted and taken by another, or to hunt in this way	草丛里那只兔子刚抬头，颈上已经落了一口牙	猎物/捕食/受害者	The owl swooped down on its prey. | Wild dogs prey on weak calves.	the one that gets seized – 被抓住的那一方	被抓住的那只活物是「猎物」；动词说去抓这一动作是「捕食」；把这幅画面挪到人身上，被人算计的那个是「受害者」	
W	prison	noun	/ˈprɪzn/	prehendere	pris（prehendere 抓）+ -on → 人被抓住之后关进去的那个地方	古法语 prisoun ← 拉丁语 prehensio（抓捕，属格 prehensionis）← prehendere（抓住）	a building where people are locked up as punishment	铁门在身后合上，走廊尽头一扇小窗，天只剩巴掌大一块	监狱/牢房	He spent four years in prison for fraud. | The old prison was torn down last spring.	the place the seized are kept – 抓来的人关着的地方	整座关人的建筑是「监狱」；里头单间那一格是「牢房」	
W	prisoner	noun	/ˈprɪznə/	prehendere	pris（prehendere 抓）+ -oner（那个人）→ 被抓住关起来的那个人	古法语 prisonier ← prisoun（抓捕、关押处）← 拉丁语 prehensio ← prehendere（抓住）	a person kept locked up, in jail or by an enemy	两手背在身后铐着，被人押过一条长廊，连鞋带都抽走了	囚犯/俘虏	The prisoner was led back to his cell. | Enemy soldiers took twelve prisoners that night.	the person held after being seized – 被抓住关着的那个人	由法办关进去的是「囚犯」；在战场上被对方抓住的是「俘虏」	
W	surprise	noun / verb	/səˈpraɪz/	prehendere	sur-（从上头）+ pris（prehendere 抓）→ 从头顶上一把抓住，来不及防	古法语 surprise（surprendre 的过去分词）：sur-（在上、突然）+ prendre（抓）← 拉丁语 prehendere	to catch someone unawares, or the feeling this causes	推开门，黑着的屋里忽然齐声一喊，手里的钥匙掉在地上	惊讶/使惊讶/突袭	Her question took me completely by surprise. | We surprised him with a cake.	seized from above before one can guard – 从上头一把抓住，防不及	被这么一抓时心里那一下是「惊讶」；动词是去制造这一下，即「使惊讶」；军事上从对方没防的一侧扑上去是「突袭」	
W	colleague	noun	/ˈkɒliːɡ/	lex-legis	col-（一同）+ leg（lex 一支的「依法委派」）→ 依同一道任命派在一处的人	拉丁语 collega（同任一职的人）：com-（一同）+ leg-（lex 一支表「依法委派」）	someone you work with, especially in a profession	隔一张桌子的那个人，开会坐一排，中午常一块下楼吃饭	同事/同僚	I asked a colleague to cover my class. | Her colleagues gave her a farewell card.	one posted to the same office by the same law – 同一道任命派在一处的人	日常说共事的人是「同事」；用在官署里同级共事的是「同僚」	
W	legislation	noun	/ˌledʒɪsˈleɪʃn/	lex-legis	legis（lex 的属格：法条）+ lation（搬来、提出）→ 把法条搬上台面立起来	拉丁语 legislatio：lex 的属格 legis（法条）+ latio（搬来、提出）	laws as a body, or the act of making them	议场里举手表决完，一叠条文盖上章，从此照着它办	立法/法规	New legislation on data will take effect soon. | Parliament passed the legislation last month.	bringing statutes forward and setting them up – 把法条提上来立住	制定法条这件事是「立法」；立出来的那一批条文是「法规」	
W	legitimate	adjective	/lɪˈdʒɪtɪmət/	lex-legis	legi（lex 法条）+ -timus（合于……的）→ 拿法条一量，量得过去	拉丁语 legitimus（合法条的）← lex（属格 legis：法条）	allowed by law or by accepted standards	柜台后的人把证件翻到最后一页，抬头点了下头，章盖下去	合法的/正当的/合理的	She is the legitimate owner of the land. | That seems a legitimate reason to complain.	standing up when measured against the statute – 拿法条一量站得住	严格照条文讲得通是「合法的」；放宽到情理上站得住是「正当的」；再放宽到讲得出道理是「合理的」	
W	loyal	adjective	/ˈlɔɪəl/	lex-legis	loial ← legalis（照法条的）← lex（法条）→ 守着当初那道约不改口	古法语 loial / leial ← 拉丁语 legalis（照法条的）← lex（属格 legis：法条）	staying firm in support of a person or cause	换了三任领班，那条狗还每天守在原来那道门口等	忠诚的/忠实的	He stayed loyal to the team for years. | Loyal readers kept the small paper alive.	holding to the bond as if bound by law – 守着那道约不松口	说人不背弃是「忠诚的」；说态度一贯不变是「忠实的」	
W	loyalty	noun	/ˈlɔɪəlti/	lex-legis	loyal（照法条守约的）+ -ty（那种性质）→ 守约不改口这件事本身	古法语 loialte ← loial ← 拉丁语 legalis（照法条的）← lex（属格 legis：法条）	firm and steady support for someone or something	老店关门那天，几个熟客一早就来站在檐下，站到卷帘门落下	忠诚/忠心	Her loyalty to old friends never wavered. | The company rewards loyalty with longer holidays.	the habit of holding to one's bond – 守约不改口的那份性情	说不背弃这件事整体是「忠诚」；偏说心里那份不移的是「忠心」	
W	privilege	noun	/ˈprɪvəlɪdʒ/	lex-legis	privi（私人的）+ lege（lex 法条）→ 单为一个人写的那道法条	拉丁语 privilegium：privus（私人的）+ lex（属格 legis：法条）——专为某一个人立的条文	a special right given to one person or group	长队排到门口，他掏出一张卡，侧门直接开了，队里的人都看着	特权/优待/荣幸	Club members enjoy the privilege of free parking. | It was a privilege to work here.	a statute written for one alone – 单为一人写的条文	只归少数人的那份权是「特权」；落到日常照顾上是「优待」；轮到自己头上时客气着说是「荣幸」	
W	mode	noun	/məʊd/	modus	modus（量度、限度、办法）→ 定下的那一套做法，照它走就不出界	拉丁语 modus（量度、限度、办法）	a particular way in which something is done or works	相机上的转盘拨到某一格，快门和光圈就都按那一格的规矩走	方式/模式	Trains are the cheapest mode of travel here. | Switch the phone to silent mode.	the set way a thing is done – 定下的那一套做法	单说做一件事走哪条路是「方式」；这套做法固定成型、可反复照办时是「模式」	
W	model	noun / verb	/ˈmɒdl/	modus	modulus（modus 的小尺度）→ 按小一号尺寸做出来的那个样子，照它做大的	意大利语 modello ← 通俗拉丁语 modellus ← 拉丁语 modulus（小尺度）← modus（量度）	a small copy or a pattern that others are made from	桌上一座巴掌大的楼，窗户楼梯都齐，工地照着它砌	模型/模范/模特/建模	He built a model of the bridge. | She models for a local design school.	a scaled pattern others follow – 按尺寸做出的样子，照它做	按尺寸缩小做出的实物是「模型」；拿人当样子照着学是「模范」；给衣裳当样子给人看的人是「模特」；动词把一件事照样子搭出来是「建模」	
W	modest	adjective	/ˈmɒdɪst/	modus	modestus（守着分寸的）← modus（量度、限度）→ 不越过那条线	拉丁语 modestus（守分寸的）← modus（量度、限度）	not boasting, or not large in amount	全场鼓掌时他摆摆手，只说这活儿是好几个人一起干的	谦虚的/适度的/朴素的	He is modest about his own success. | They live on a modest income.	keeping inside the line, not over – 守着那条线不越过	说人不把功劳往自己身上堆是「谦虚的」；说数量不出格是「适度的」；说排场不铺张是「朴素的」	
W	module	noun	/ˈmɒdjuːl/	modus	modulus（modus 的小尺度）→ 按统一尺寸做的一小块，块块能对上、能换	拉丁语 modulus（小尺度、小单位）← modus（量度）	one standard part of a larger system, able to be swapped	机柜里抽出一块板子，换上另一块，尺寸和接口都对得上	模块/组件/单元	Each module can be replaced in minutes. | The course has six modules this term.	one standard-sized part of a whole – 照统一尺寸做的一块	拆得下装得上的那一块是「模块」；强调它是整机的一部分时说「组件」；课程里自成一段的是「单元」	
W	mould	noun / verb	/məʊld/	modus	modulus（modus 的小尺度、样式）→ 一个空壳，浆倒进去凝住就成它的样子	古法语 modle ← 拉丁语 modulus（小尺度、样式）← modus（量度）	a hollow shape that liquid is poured into to set	铁壳里灌进滚烫的浆，等凉透了扣出来，边角和壳里一模一样	模子/铸模/塑造	Pour the mixture into a round mould. | Hard years moulded his character.	the hollow that gives a thing its shape – 决定成品形状的那个空壳	日常那个成形的壳是「模子」；用在金属浇铸上是「铸模」；动词把人或事按某个样子做出来是「塑造」	
W	cent	noun	/sent/	centum	centum（一百）→ 一块钱切成一百份，其中的一份	法语 cent ← 拉丁语 centum（一百）	a coin worth one hundredth of a dollar or euro	罐子里倒出一把铜的小圆片，数出一百个刚够换一张纸币	分/一分硬币	The apples cost ninety cents a pound. | He paid the last cent he had.	one part in a hundred of the money – 钱的百分之一那一份	作货币单位是「分」；指那枚铜片实物是「一分硬币」	
W	centigrade	adjective	/ˈsentɪɡreɪd/	centum/gradus	centum（一百）+ gradus（一级、一步）→ 把冰点到沸点之间切成一百级	拉丁语 centum（一百）+ gradus（级、度）——定标时把水的冰点到沸点分成一百等份	measured on a scale with one hundred steps between freezing and boiling	温度计上从结冰那道线到冒泡那道线，中间正好切成一百格	摄氏的/百分度的	Water boils at one hundred degrees centigrade. | Set the oven to two hundred degrees centigrade.	a scale cut into a hundred steps – 切成一百级的那把标尺	日常说温标是「摄氏的」；照字面讲这套刻度是「百分度的」	
W	century	noun	/ˈsentʃəri/	centum	centuria（百人一队）← centum（一百）→ 数满一百的那一段，用在年上	拉丁语 centuria（百人编成的一队、百的一组）← centum（一百）	a period of one hundred years	教堂墙上刻的年份比曾祖父的曾祖父还早，中间隔了几辈都数不清	世纪/百年	The church was built four centuries ago. | She lived through most of the century.	a hundred counted off as one span – 数满一百作一整段	划成整段的那一百年是「世纪」；单说这段时长是「百年」	
W	percent	noun	/pəˈsent/	centum	per（每）+ centum（一百）→ 每一百里占几	拉丁语 per centum（每一百）	one part in every hundred	一百格的方阵涂黑了十七格，一眼看得出占多大一片	百分之一/百分比	Only three percent of seeds ever sprouted. | Prices rose by ten percent last year.	so many in every hundred – 每一百里占的那几份	作单位说每百里的一份是「百分之一」；说占比这件事整体是「百分比」	
W	enter	verb	/ˈentə/	intrare	intrare（走进去）← intra（在里面）→ 从外头跨进里头	古法语 entrer ← 拉丁语 intrare（走进去）← intra（在里面）	to come or go into a place	玻璃门被推开，风被关在身后，鞋底在地垫上蹭了两下	进入/加入/输入	She entered the room without knocking. | Enter your name in the first box.	crossing in from outside – 从外头跨进里头	跨进一处地方是「进入」；跨进一群人里是「加入」；把字跨进格子里是「输入」	
W	entrance	noun	/ˈentrəns/	intrare	entr（intrare 走进去）+ -ance（那处、那件事）→ 进去用的那个口，也指进去这一下	古法语 entrance ← entrer（进去）← 拉丁语 intrare（走进去）	the way into a place, or the act of going in	台阶尽头一道拱门，人流从那里挤进去，两边墙上挂着牌子	入口/进入/入场	Wait for me at the main entrance. | His entrance stopped the conversation.	the way in, and the going in – 进去的那个口和那一下	那道口子是「入口」；那一下动作是「进入」；正式场合走进来这件事是「入场」	
W	entry	noun	/ˈentri/	intrare	entr（intrare 走进去）+ -y → 进去这一下，也指进去后落下的那一条记录	古法语 entree（进入）← entrer ← 拉丁语 intrare（走进去）	the act of going in, or an item written into a list	门房把名字一笔写进本子，那一行落定，人才放进去	进入/条目/入口	No entry without a ticket. | Check the last entry in the log.	going in, and what the going in leaves written – 进去这一下和留下的那一行	那一下动作是「进入」；写进册子里的一行是「条目」；供人进去的那道口子也叫「入口」	
W	rail	noun	/reɪl/	regula	regula（笔直的木尺、准绳）→ 一根直挺挺的长条，横着架起来	古法语 reille（横木、栏条）← 拉丁语 regula（笔直的木尺）	a long bar of wood or metal fixed in place	两条铁条笔直铺出去，枕木一根根压着，远处并成一条线	铁轨/栏杆/铁路	Do not lean over the rail. | Freight moves by rail across the country.	a straight bar fixed in place – 一根架起来的直条	火车压着走的那两条是「铁轨」；拦在人前的那道横条是「栏杆」；整套轨道连成的运输是「铁路」	
W	railroad	noun	/ˈreɪlrəʊd/	regula	rail（regula 直条，即铁轨）+ road（路）→ 用直条铺出来的那条路	英语 rail（铁轨，← 拉丁语 regula 笔直的木尺）+ road（路）	a track of rails, and the system of trains running on it	两条铁条一路铺到看不见的地方，中间的碎石被压得发亮	铁路/铁道	The railroad reached this town in 1889. | He worked on the railroad for decades.	a road made of straight bars – 直条铺成的路	连着线路和运营整体说是「铁路」；单指那条轨道设施是「铁道」	
W	rule	noun / verb	/ruːl/	regula	regula（笔直的木尺、准绳）→ 立一根直的当准，众人照它比齐	古法语 reule ← 拉丁语 regula（笔直的木尺、准绳）	a statement of what may be done, or to govern	墙上贴着一张纸，谁做完都要拿它对一遍，对不上就重做	规则/统治/裁定	The rules of the game are simple. | That family ruled the island for centuries.	the straight standard all are lined up to – 众人照着比齐的那根准绳	立出来叫大家照办的是「规则」；握着这根准绳管人是「统治」；拿它量一件事并给出结论是「裁定」	
W	ruler	noun	/ˈruːlə/	regula	rule（regula 准绳）+ -er（那样东西、那个人）→ 那根尺本身，或手里握着准绳的那个	英语 rule（← 拉丁语 regula 笔直的木尺）+ -er	a strip used for drawing straight lines, or a person who governs	透明的塑料条压在纸上，铅笔顺着边走，线才不歪	尺子/统治者	Draw the line with a ruler. | The ruler ordered a new palace built.	the one holding the straight standard – 握着那根准绳的	那根实物直条是「尺子」；握着准绳定规矩的人是「统治者」	
W	confess	verb	/kənˈfes/	fari	con-（彻底）+ fess（fari 一支的 fateri：承认）→ 把压着不说的那句彻底说出口	拉丁语 confiteri（承认）的过去分词 confessus：con-（彻底）+ -fiteri ← fari（说、开口）	to admit something you were hiding	在桌子对面坐了半个钟头不出声，忽然抬起头把那件事讲了	承认/坦白/忏悔	He confessed that he had lied. | She finally confessed to taking the money.	speaking out what was held back – 把压着的那句说出口	只说认下来是「承认」；把过程都讲出来是「坦白」；向神职人员说自己的过失是「忏悔」	
W	fame	noun	/feɪm/	fari	fama（众人传的话）← fari（开口说）→ 众人嘴里都在说的那一份	拉丁语 fama（传闻、名声）← fari（说、开口）	the state of being known and talked about by many	街上走十步被叫住三回，卖水果的都知道他昨天干了什么	名声/名望	The song brought him sudden fame. | She never wanted fame or money.	what everyone's mouths carry about you – 众人嘴里传着的那一份	传开的话本身是「名声」；传得久、传得受敬重是「名望」	
W	famous	adjective	/ˈfeɪməs/	fari	fama（众人传的话）+ -ous（多有的）← fari（开口说）→ 被人说得多的	拉丁语 famosus（多被谈论的）← fama（传闻、名声）← fari（说、开口）	known about by very many people	他一进门，屋里说话声低了一截，几个人抬起手机对着他	著名的/出名的	This town is famous for its cheese. | A famous painter once lived here.	much talked about – 被很多人说着的	正式说受人公认的是「著名的」；口语说人尽皆知的是「出名的」	
W	dimension	noun	/daɪˈmenʃn/	metiri	di-（分开各向）+ mens（metiri 量）+ -ion → 一个方向上量出来的那个数	拉丁语 dimensio（量出的尺寸）← dimetiri：di-（分开）+ metiri（量）	a measurement in one direction, or an aspect of something	拿卷尺量一只箱子，长、宽、高各记一个数，才说得清它多大	尺寸/维度/方面	Measure the dimensions of the room first. | This adds a new dimension to the case.	how much a thing measures in one direction – 一个方向上量得的数	量出的具体数目是「尺寸」；把方向本身当一条轴说是「维度」；挪到抽象事情上，一个可以量的侧面是「方面」	
W	immense	adjective	/ɪˈmens/	metiri	im-（不）+ mens（metiri 的过去分词 mensus，量过的）→ 量不出来的那么大	拉丁语 immensus（量不出的）：in-（不）+ mensus（metiri 的过去分词，量过的）	extremely large in size or degree	站在沙丘上转一圈，沙子一直铺到天边，找不着一处头	巨大的/极大的	The desert stretched an immense distance. | She took immense care with it.	too big for any measure to reach – 尺子量不到头	说体量大到量不过来是「巨大的」；挪到程度上说是「极大的」	
W	measure	verb / noun	/ˈmeʒə/	metiri	mensura（量出来的尺寸）← metiri（量）→ 拿尺贴上去，读出它有多少	古法语 mesure ← 拉丁语 mensura（尺寸）← metiri（量）的过去分词 mensus	to find the size of something, or a step taken to deal with something	卷尺贴着墙拉开，指甲掐住那一格，低头念出上面的数	测量/尺寸/措施	Measure the width before you cut. | The government took strong measures.	laying a standard against a thing – 拿尺贴上去读数	动词拿尺去量是「测量」；量出的结果是「尺寸」；引申到办事上，为对付一件事拿出的那一份分量是「措施」	
W	expedition	noun	/ˌekspəˈdɪʃn/	pes	ex-（出来）+ ped（pes 脚）+ -ition → 把脚从绊住的东西里解出来，一队人这才走得成	拉丁语 expeditio（出征）← expedire：ex-（出）+ pes（属格 pedis：脚）——把脚从绊索里解出来	an organized journey made for a purpose	天没亮，一队人背上包在门口清点绳子和帐篷，然后一个跟一个走进雪里	远征/探险队/远足	The expedition reached the pole in March. | They joined a small fossil expedition.	feet set free so a party can set out – 脚解开了，一队人走得成	军事上出去打的是「远征」；一队人为查看而去的是「探险队」；规模小些、走着去的是「远足」	
W	pedal	noun / verb	/ˈpedl/	pes	pedalis（脚上的）← pes（脚）→ 用脚踩的那一块	拉丁语 pedalis（脚的、一尺长的）← pes（属格 pedis：脚）	a lever pressed with the foot to work a machine	鞋底压下去，那块铁往下一沉，链条跟着咬住齿轮转起来	踏板/踩踏板	He pressed the brake pedal hard. | She pedalled slowly up the hill.	the part worked by the foot – 用脚踩的那一块	那块实物是「踏板」；动词一脚一脚踩它是「踩踏板」	
W	pedestrian	noun / adjective	/pəˈdestriən/	pes	pedester（步行的）← pes（脚）→ 靠脚走的那个人，也指平平无奇像走路一样	拉丁语 pedester / pedestris（步行的）← pes（属格 pedis：脚）	a person travelling on foot, or dull and ordinary	车让在斑马线前，一个人拎着袋子低头走过去，鞋底蹭着白漆	行人/步行的/平庸的	A pedestrian was hit at the crossing. | His speech was flat and pedestrian.	going on one's own feet – 靠自己两只脚走的	走路的那个人是「行人」；说不靠车马只靠脚的是「步行的」；走路比骑马低一等，引申到文章说话上是「平庸的」	
W	emit	verb	/ɪˈmɪt/	mit-miss	e-（出去）+ mit（mittere 送）→ 把光、声、气送出去	拉丁语 emittere：ex-（出）+ mittere（送、发出）	to send out light, sound, gas, or the like	管口噗地冒出一股白气，边上的灯一亮一灭，嗡嗡响着	发出/散发/排放	The lamp emits a faint blue light. | Factories emit smoke all day.	sending a thing out from inside – 从里头把东西送出去	光和声这类送出来是「发出」；气味热气慢慢往外走是「散发」；把废气废水放出去是「排放」	
W	interval	noun	/ˈɪntəvl/			拉丁语 vallum（营垒的木栅）加表「之间」的前缀构成，本义两道栅墙当中空着的那段	a space of time or distance between two things	两班车之间空着的二十分钟，站台上只剩风和一张飘着的纸	间隔/间歇/幕间休息	Buses run at ten minute intervals. | There was a long interval between acts.	the gap left between two things – 两样东西之间空着的那段	说两次之间隔多久多远是「间隔」；说中间那段停下不动的是「间歇」；戏剧里两幕之间那段是「幕间休息」	
W	acid	noun / adjective	/ˈæsɪd/			拉丁语 acidus（酸的）← acere（发酸）← acer（尖、锐）——舌头上像被尖东西扎一下	a sour substance that can eat into metal or stone	一滴透亮的水落在铁片上，冒出细泡，铁面留下一小块麻点	酸/酸的/尖刻的	The acid burned a hole in the cloth. | She made an acid remark about it.	something sharp enough to bite – 尖得能咬进东西里	那种能腐蚀的东西是「酸」；说味道扎舌头是「酸的」；说话像针一样扎人是「尖刻的」	
W	eager	adjective	/ˈiːɡə/			古法语 aigre（尖、酸、猛）← 拉丁语 acer（尖、锐）——劲头尖得往前冲	wanting to do something very much	话还没说完他已经站起来，手按在门把上，身子朝外倾着	渴望的/热切的	The children were eager to start. | He gave an eager nod.	pointed forward, sharp with wanting – 劲头尖着往前顶	心里想要得厉害是「渴望的」；表现在神情动作上是「热切的」	
W	cook	verb / noun	/kʊk/			古英语 cōc（厨子）← 拉丁语 coquus（厨子）← coquere（煮）——早期借入的日常词	to prepare food with heat, or a person who does this	锅里的油响起来，葱一下去满屋是味，铲子贴着锅底翻了两下	烹饪/做饭/厨师	She cooked rice and beans for us. | The cook came out to take orders.	putting food to the fire – 把吃的搁到火上	动词说这门手艺整体是「烹饪」；日常说给家里备饭是「做饭」；干这活儿的人是「厨师」	
W	kitchen	noun	/ˈkɪtʃɪn/			古英语 cycene ← 通俗拉丁语 cocina（拉丁语 coquina，煮东西的地方）← coquere（煮）	the room where food is prepared	靠窗一张台面，刀和砧板挨着水槽，抽油烟机上一层薄油	厨房	The kitchen smelled of garlic and smoke. | They sat talking in the kitchen.	the room given to cooking – 专管煮东西的那一间		
W	mess	noun / verb	/mes/			古法语 mes（端上桌的一道菜）← 晚期拉丁语 missum（端上来的东西）；由「一盘混着的吃食」引申出杂乱一义	a state of disorder, or to make something dirty and untidy	桌上摊着吃剩的盘子、拆开的包装和半杯凉茶，找钥匙得先挪三样东西	混乱/脏乱/弄糟	The kitchen was in a terrible mess. | Do not mess up my papers.	a jumbled heap left lying about – 掺在一处堆着的一摊	说秩序全乱是「混乱」；说又脏又乱是「脏乱」；动词把本来好的一件事搞坏是「弄糟」	
W	arrival	noun	/əˈraɪvl/			古法语 ariver（靠岸、到达）← 通俗拉丁语 arripare：ad-（到）+ ripa（河岸）——船靠上岸	the act of reaching a place, or someone who has just come	站台上的人一齐朝那头看，车门开了，第一个人拎着箱子踏下来	到达/抵达/新来的人	We waited for the arrival of the train. | The new arrival cried all night.	coming up to the shore at last – 终于靠上岸	到了这件事是「到达」；正式些说是「抵达」；刚到的那个人是「新来的人」	
W	river	noun	/ˈrɪvə/			古法语 riviere（河、河岸地）← 通俗拉丁语 riparia（河岸一带）← 拉丁语 ripa（河岸）	a large natural stream of water flowing to the sea	两道土坡夹着一条浑水，一直流到看不见的地方，岸边泡着半截树根	河/江河	The river runs through three towns. | They swam across the river at dawn.	water held between two banks – 两岸夹着的那道水	单说一条水道是「河」；泛指大小水道整体时说「江河」	
W	pant	verb	/pænt/			古法语 pantaisier（喘不上气）← 通俗拉丁语 pantasiare（梦里憋闷挣气）；再往上与希腊语「使显现」一支有关，但这一义已接不上	to breathe in quick short breaths after effort	跑上六楼扶着墙，肩膀一起一伏，喉咙里像有风箱在拉	喘气/气喘	He panted after running up the stairs. | The dog panted in the heat.	breathing in fast shallow snatches – 一口接一口地急着吸气	动作本身是「喘气」；连着说这种状态是「气喘」	
W	royal	adjective	/ˈrɔɪəl/			古法语 roial ← 拉丁语 regalis（王的）← rex（属格 regis：国王）	belonging to or fit for a king or queen	门口两个卫兵纹丝不动，车上一枚金色徽记，红毯一直铺到台阶顶	王室的/皇家的/盛大的	The royal family arrived by carriage. | They gave him a royal welcome.	belonging to the king – 归国王的	指王的家族是「王室的」；用在挂王室名义的机构上是「皇家的」；借那份气派形容排场是「盛大的」	
R	nomen	nomin/nomen/onym	拉丁语 nomen（属格 nominis：名字、名称），动词 nominare（叫出名字、指名）由此出；希腊语 onoma（名）同出一个更古的词干，故 anonymous 一支也归此族	the word by which a thing is called / 用来叫出某物的那个词	点名册上念出一串字，被念到的人应一声站起来	name, to call by name	name	叫出名字	domain-perceive
R	decem	dec/decim/dek	拉丁语 decem（十），序数 decimus（第十）、duodecim（十二，duo＋decem）皆由此出；希腊语 deka（十）同出一个更古的词干，decade 经 dekas（一批十个）入英语。与 decere（相称，派出 decent）、decipere（诱骗，派出 deceive）不同根，勿混	a full count of ten / 数满十这一整批	十根手指全数过一遍，正好一把，再数就得从头起	ten, a set of ten	ten	数满十	domain-perceive
R	linum	lin/line/linea	拉丁语 linum（亚麻），linea（亚麻搓成的细绳、拉直的绳）由此出——木匠绷紧一根亚麻绳往板上一弹，留下笔直一痕，故 linea 兼指线条与行列；古英语 lin（亚麻）多认为是早期借自拉丁语 linum。linum 自身更早词源不明，与希腊语 linon 一同多被判为地中海一带的外来词	a flax cord pulled taut / 一根亚麻绳绷紧后留下的那道直痕	两手把细绳绷紧，往木板上一弹，板面上留下笔直的一道痕	flax, thread, line	flax	拉直的线	domain-shape
R	gaudium	gaud/joy/joi	拉丁语 gaudium（喜悦），动词 gaudere（心里高兴）；复数 gaudia 经古法语 joie 入英语作 joy。与 jocus（玩笑，派出 joke、jewel）是两个不同的拉丁词，古法语里 joie 与 joiel 拼写相近而来源两分，勿混	gladness welling up inside / 心里那股高兴涌上来	消息一听完，嘴角先控制不住，眼睛跟着亮起来	to be glad, gladness	gladness	心头发亮	domain-perceive
R	navis	nav/nau	拉丁语 navis（船），navalis（船的）与 navigare（navis＋agere：驱船而行）由此出；古法语 navie（一国的船队）入英语作 navy	a ship, and the water it crosses / 一条船，以及它要渡过的那片水	木壳吃水一半，桅上挂着旗，一队人立在甲板上，前头只有一片开阔的水	ship, of ships	ship	浮水行远	domain-transfer
W	dress	noun / verb	/dres/	rect	rect（regere 导正、理直）→ 古法语 dresser（把东西摆正、整理停当）→ 把身上的布料理齐 → 穿戴；理齐后的那一整件	古法语 dresser（排列整齐、装备好）← 通俗拉丁语 *directiare ← 拉丁语 directus（理直的），出自 regere（导正）	to put clothes on, or a one-piece outer garment for a woman	站在镜前把袖口捋平，领子翻正，腰上那道褶子一点点抹开	连衣裙/穿衣/装扮	She wore a blue dress to the ceremony.|He dressed quickly and left the house.	put in order on the body – 把身上收拾停当	把布料在身上理齐 → 穿衣这个动作|理齐后穿在身上的那一整件 → 连衣裙|不只理齐还添修饰 → 装扮、打扮	
W	realm	noun	/relm/	rect	rect（regere 统摄、导正）→ 拉丁语 regalis（王的）→ 古法语 reaume → 一个王发号令管得到的那片地；引申为某人说得上话的那一片	古法语 reaume/realme ← 通俗拉丁语 *regalimen ← 拉丁语 regalis（王的），出自 rex（王），与 regere（统摄）同一词干	a kingdom, or an area of activity or interest	地图上一圈墨线围出的地界，线内的赋税都送到同一座城里	王国/领域/范围	The story is set in a distant realm.|That question lies outside the realm of physics.	the ground one ruler covers – 一位君主管得到的那一片	一个王号令所及的那片地 → 王国|把「所及」抽掉具体的地 → 某学科或事务的领域|再抽一层，只留边界这一意思 → 范围	
W	regime	noun	/reɪˈʒiːm/	rect	rect（regere 导正、治理）+ -men（办法、结果）→ 拉丁语 regimen（治理的那一套办法）→ 掌权的那套班子；也指为身体定下的那套规程	法语 régime ← 拉丁语 regimen（统御、掌舵），出自 regere（导正、治理）	a system of government, or a fixed course of treatment or living	墙上贴一张表，几点起床几点吃药几点熄灯，全楼照它走	政权/制度/养生法	The old regime collapsed within a month.|Her doctor put her on a strict regime.	a fixed way of steering things – 定下来的那套管法	掌着国事的那一套人马 → 政权|抽掉「国」只留那套办法 → 制度|把这套办法用到身体上 → 养生法、疗程	
W	region	noun	/ˈriːdʒən/	rect	rect（regere 划直、划界）→ 拉丁语 regionem（划出边界的那一片）→ 地面上圈定的一片；也指身上大致的一块	古法语 region ← 拉丁语 regio（属格 regionis：方向、界内之地），出自 regere（划直、导正）	an area of land, or a part of the body	天气图上用虚线把几个省框在一起，框里同色，框外换色	地区/区域/部位	This region is famous for its wine.|He felt a dull pain in the chest region.	a stretch marked off by a line – 用线圈出来的一片	地面上圈出的一整片 → 地区、区域|同样的圈法用在身体上，界限不必精确 → 部位	
W	register	noun / verb	/ˈredʒɪstə/	gerere	re-（回、逐条）+ gerere（携带、载）→ 拉丁语 regesta（一条条载回来记下的东西）→ 那本册子；作动词是把名字载进册子	古法语 registre ← 中世纪拉丁语 registrum/regesta ← 拉丁语 regerere（re-＋gerere：载回、记入）；与 regere（导正）是两个不同的拉丁词，勿混	to enter a name in an official list, or the list itself	门口一本厚簿，来人签下姓名和时间，笔迹一行接一行往下排	注册/登记/名册	You must register before using the service.|Her name appears in the parish register.	carry it back onto the list – 把它载回册子上记下	把名字载进官册这个动作 → 注册|同一动作偏重「记下」这一面 → 登记|载好的那本册子本身 → 名册	
W	reign	noun / verb	/reɪn/	rect	rect（regere 统摄）→ 拉丁语 regnum（王权、王国）→ 古法语 reigne → 坐在发号令的那个位子上；那段坐着的光景	古法语 reigne ← 拉丁语 regnum（王权），出自 rex（王），与 regere（统摄）同一词干；与同音的 rein（缰绳，出自 tenere 握住）不同源	to rule as king or queen, or the period of such rule	一个人坐在高处，三十年里下面的人都等他先开口	统治/在位期/盛行	Queen Victoria reigned for over sixty years.|Silence reigned in the empty hall.	sit in the seat that gives orders – 坐在发令的那个位子上	坐在那个位子上发号令 → 统治|把「坐着」这段光景单独看 → 在位期|不是人而是一种气氛压住全场 → 盛行、笼罩	
W	royalty	noun	/ˈrɔɪəlti/	rect	rect（regere 统摄）→ 拉丁语 regalis（王的）→ 古法语 roial ＋ -ty（身份、待遇）→ 属于王的那份身份，及按份额抽给他的那笔钱	古法语 roialte ← roial（王的）← 拉丁语 regalis，出自 rex（王），与 regere 同一词干	members of a royal family, or a payment made to an owner for each use	一家人进门从不排队；另外每卖出一本书，账上先划出一小笔送到他们那儿	王室/版税/王权	The hotel once housed European royalty.|She earns royalties from every copy sold.	what belongs to the king – 归于王的那一份	王这一支的人 → 王室|王这个身份自带的权柄 → 王权|王按份额抽走的那笔钱，后归于著作与专利的所有者 → 版税	
W	liable	adjective	/ˈlaɪəbl/	ligare	lig（ligare 绑）+ -able（能…的）→ 被绑在某事上、脱不开的；也指老被那事缠上	盎格鲁法语 liable ← 古法语 lier（捆、系）← 拉丁语 ligare（绑）	legally responsible for something, or likely to do or suffer something	合同末尾那行小字把签名的人和后面所有账目系在一处，抽不出手	有责任的/易于…的	The company is liable for any damage caused.|Old pipes are liable to burst in winter.	tied to what follows – 被后果系住脱不开	被条款绑在某事上 → 负有法律责任的|绑住的不是责任而是倾向，那事总来缠你 → 易于…的	
W	oblige	verb	/əˈblaɪdʒ/	ligare	ob-（朝向、对着）+ lig（ligare 绑）→ 把人朝某事绑住；松一次绳算给人情面	古法语 obligier ← 拉丁语 obligare（ob-＋ligare：绑向），本指以誓约把人系住	to make someone do something, or to do someone a favour	一句允诺出口，绳子就套上了，后面推不掉也躲不开	迫使/使感激/帮忙	The law obliges drivers to wear seat belts.|He obliged us by carrying the boxes upstairs.	bind someone toward a duty – 把人朝一件事上绑住	绑上就脱不开 → 迫使、责成|替人松一次绑，对方欠着这份情 → 使感激|从「欠情」回看施与的一方 → 帮忙、效劳	
W	rally	verb / noun	/ˈræli/	ligare	re-（重新）+ al-（ad- 朝）+ li（ligare 绑）→ 法语 rallier（把散开的重新绑回一处）→ 重新聚拢；聚拢起来的那一场	法语 rallier ← 古法语 ralier（re-＋alier：结盟）← 拉丁语 alligare（ad-＋ligare：绑到一处）	to come together again for a common purpose, or a mass meeting	队伍被打散后，一声号响，四散的人又往同一面旗底下拢过来	集合/重整/群众集会	The captain rallied his men before the second half.|Thousands attended the rally in the square.	tie the scattered back together – 把散开的重新系回一处	散了的人重新系回一处 → 集合、召集|系回来之后力气也跟着回来 → 重整、恢复|系在一处的那一场 → 群众集会	
W	reliable	adjective	/rɪˈlaɪəbl/	ligare	re-（牢牢、反复）+ li（ligare 绑）+ -able（可…的）→ 可以把自己系上去而不会脱的	rely（依靠）＋-able；rely ← 古法语 relier ← 拉丁语 religare（re-＋ligare：牢牢绑住）	able to be trusted to do what is expected	一根旧绳，每次吊上一整袋水泥都没松过，第二十次仍照样绷住	可靠的/靠得住的	We need a reliable car for long trips.|His account of the events seems reliable.	safe to tie yourself to – 系上去不会脱的	绳子够牢，系上去不脱 → 可靠的|用在人身上，话和事都接得住 → 靠得住的	
W	reliance	noun	/rɪˈlaɪəns/	ligare	rely（把自己系上去）+ -ance（这件事）→ 系上去这件事本身	rely（依靠）＋-ance；rely ← 古法语 relier ← 拉丁语 religare（牢牢绑住）	the state of depending on someone or something	全村的水都从那一根管子来，管子一堵，家家都停	依赖/信赖	The country's reliance on imported oil is growing.|She placed too much reliance on one supplier.	being tied to one support – 整个人系在一处依托上	把自己系在某物上不另找 → 依赖|系上去是因为信得过 → 信赖	
W	rely	verb	/rɪˈlaɪ/	ligare	re-（牢牢）+ ly（ligare 绑）→ 拉丁语 religare（牢牢系住）→ 把自己系到某人某物上	古法语 relier（重新系紧、集结）← 拉丁语 religare（re-＋ligare：牢牢绑住）	to depend on someone or something with confidence	过独木桥时一手死死攥住那根横绳，脚下每一步都压在它上面	依靠/信赖	You can rely on her to finish on time.|Farmers here rely on the summer rain.	tie yourself to it and hand over the weight – 系上去，再把重量交给它	把重量交到某物上 → 依靠|交得出去是因为信得过 → 信赖	
W	anonymous	adjective	/əˈnɒnɪməs/	nomen	an-（无）+ onym（希腊语 onoma 名，与拉丁语 nomen 同一词干）+ -ous → 没有名字挂上去的	希腊语 anonymos（an-＋onyma：无名）经晚期拉丁语 anonymus 入英语；onoma 与拉丁语 nomen（名）同出一个更古的词干	with a name that is not given or known	桌上一封信，只写着收信地址，末尾该签字的地方空着，笔迹也认不出	匿名的/无名的/不知姓名的	The donor wished to remain anonymous.|We received an anonymous tip by phone.	no name attached – 名字这一栏空着	名字这一栏留空 → 匿名的|从来就没被叫过名字 → 无名的|名字存在但外人不掌握 → 不知姓名的	
W	nominal	adjective	/ˈnɒmɪnl/	nomen	nomin（nomen 名）+ -al（…的）→ 只在名字上如此、里头不作数；小到只够挂个名	拉丁语 nominalis（属于名字的），出自 nomen（名）	existing in name only, or very small in amount	招牌上还挂着他的姓，店里的事三年没经过他手，工资表上一年一元	名义上的/象征性的/极小的	He is the nominal head of the company.|They charge a nominal fee for delivery.	only the name is there – 只剩名字挂着	名字挂着而实权不在 → 名义上的|数目小到只够意思一下 → 象征性的|把「意思一下」再往下压 → 极小的	
W	nominate	verb	/ˈnɒmɪneɪt/	nomen	nomin（nomen 名）+ -ate（做…）→ 拉丁语 nominare（叫出名字）→ 把某人的名字报上去	拉丁语 nominare（叫出名字、指名）的过去分词 nominatus，出自 nomen（名）	to formally suggest someone for a position or prize	会上有人站起来报出一个名字，书记员当场写在黑板最上一行	提名/任命/指定	She was nominated for best actress.|The board nominated him as treasurer.	call out a name for a post – 为一个位子报出名字	报出名字候选 → 提名|报出并当场定下 → 任命|不必是人，定某物某日也用 → 指定	
W	noun	noun	/naʊn/	nomen	nomen（名）→ 古法语 nom/noun → 语法里专管「叫什么」的那一类词	盎格鲁法语 noun ← 古法语 nom ← 拉丁语 nomen（名字、名称）	a word that names a person, place, or thing	课本上一列词，每个都能指着一样东西说「这就是它」，前头添不了「很」	名词	In this sentence, water is a noun.|Children learn nouns before adjectives.	the naming kind of word – 专管叫名字的那类词		
W	pronoun	noun	/ˈprəʊnaʊn/	nomen	pro-（代替）+ noun（nomen 名）→ 站在名字的位置上替它的那个词	拉丁语 pronomen（pro-（代）＋nomen（名））经中古法语 pronom 入英语	a word used in place of a noun	前一句提过那个人名，后一句就用一个短词把那个位置占住，不再重复	代词	He and it are pronouns.|Try replacing the name with a pronoun.	a stand-in for a name – 替名字站位的那个词		
W	decade	noun	/ˈdekeɪd/	decem	dec（decem 十）+ -ade（一批）→ 希腊语 dekas（一批十个）→ 十个年头凑成的那一段	古法语 decade ← 晚期拉丁语 decas（属格 decadis）← 希腊语 dekas（一批十个），与拉丁语 decem（十）同出一个更古的词干	a period of ten years	墙上挂历换了十本，最旧那本纸都黄了，摞起来正好一叠	十年	Prices have doubled in the past decade.|He spent a decade abroad.	a batch of ten years – 十个年头凑成的一批		
W	decimal	adjective / noun	/ˈdesɪml/	decem	decim（decimus 第十，出自 decem 十）+ -al → 以十为一档往上进；点后按十分之一逐级切下去的那种数	中世纪拉丁语 decimalis（属于十分之一的）← 拉丁语 decimus（第十），出自 decem（十）	based on the number ten, or a fraction written after a point	尺子上每大格再切十小格，每小格又能想成再切十份，往右一直细下去	十进的/小数	Most countries use the decimal system.|Round the answer to two decimal places.	counting by tens – 满十进一	满十进一这套算法 → 十进的|按十分之一逐级往下切出来的那种数 → 小数	
W	dozen	noun	/ˈdʌzn/	decem	拉丁语 duodecim（duo 二＋decem 十）→ 古法语 dozeine → 十再添二，凑成一整批	古法语 dozeine ← douze（十二）← 拉丁语 duodecim（duo（二）＋decem（十））	a group of twelve	纸盒里三行四列摆满鸡蛋，盖子一合刚好，买的时候整盒论	十二个/一打	She bought a dozen eggs at the market.|Dozens of people waited outside.	ten and two in one batch – 十再添二，成一整批	十二这个数目 → 十二个|按这个数目论装论卖 → 一打；复数泛指很多	
W	duplicate	verb / adjective / noun	/ˈdjuːplɪkeɪt/	plic	du-（duo 二）+ plic（折）+ -ate → 拉丁语 duplicare（折成两层）→ 对折一次，两半一模一样	拉丁语 duplicatus（duplicare 的过去分词：加倍、折成两份），由 duo（二）＋plicare（折叠）合成	to make an exact copy, or one of two identical things	一张纸正中对折，展开后两半的字迹一样，摞起来边线全对齐	复制/副本/完全相同的	Please do not duplicate this file.|Keep a duplicate of the contract.	folded into two alike halves – 对折成一样的两片	对折出第二份这个动作 → 复制|折出来的那第二份 → 副本|两半分不出差别 → 完全相同的	
W	line	noun / verb	/laɪn/	linum	linea（亚麻绳绷紧后留下的一道痕）→ 那道痕本身；沿着它排开的人和字也叫它	古英语 line（绳、索）与古法语 ligne 合流 ← 拉丁语 linea（亚麻细绳、拉直的绳），出自 linum（亚麻）	a long thin mark, or a row of people or things	粉笔贴着尺子在地上拖过去，留下笔直的一道白痕，孩子们脚尖顶着它站成一串	线/线条/队列/一行	Draw a straight line across the page.|A long line formed outside the shop.	a taut cord's straight mark – 绷紧的绳留下的那一道	绳绷直弹出的那道痕 → 线、线条|沿着那道痕排开的人 → 队列，作动词是排成一列|排开的是字 → 一行	
W	linear	adjective	/ˈlɪniə/	linum	linea（绷紧的绳留下的一道痕）+ -ar（…的）→ 只沿一道痕往前，不分叉不回头	拉丁语 linearis（属于线的），出自 linea（亚麻细绳、线），本源 linum（亚麻）	arranged in or following a straight line or single sequence	故事从头讲到尾，中间不拐弯也不插叙，像一根绳从这头拉到那头	线性的/直线的	The film has a simple linear plot.|Growth was roughly linear over ten years.	along one single thread – 只沿一根往前走	顺一根往前不分叉 → 线性的|落到几何上就是不弯 → 直线的	
W	linen	noun	/ˈlɪnɪn/	linum	lin（linum 亚麻）+ -en（由…做成的）→ 亚麻纤维织出来的那种布，及用它做的家什	古英语 linen（用亚麻做的），出自古英语 lin（亚麻）——多认为是早期借自拉丁语 linum（亚麻）	cloth woven from flax, or household articles made of it	浅黄的一块布，手一摸发凉发脆，迎光能看见经纬交错的方格	亚麻布/家用织品	The tablecloth is made of linen.|Fresh linen was put on every bed.	cloth made of flax – 亚麻织成的布	亚麻纤维织成的那种布 → 亚麻布|拿它做的床单桌布一类 → 家用织品	
W	liner	noun	/ˈlaɪnə/	linum	line（航线，出自 linea 拉直的绳）+ -er（干这个的）→ 固定沿一条路来回跑的那一艘；也指沿内壁铺的那一层	line（线、航线）＋-er；line ← 拉丁语 linea（亚麻细绳、线），出自 linum（亚麻）	a large ship or aircraft on a regular route, or a lining put inside something	码头边泊着一条特别长的白船，每月同一天靠岸，舷梯一放人往下走	班轮/大型客机/内衬	They crossed the Atlantic on an ocean liner.|Put a fresh liner in the bin.	the one that runs a fixed line – 固定跑一条路的那一个	沿固定一条路来回跑的船 → 班轮|同样跑固定航路的飞机 → 大型客机|贴着内壁铺的那一层 → 内衬	
W	bankrupt	adjective / noun	/ˈbæŋkrʌpt/	rumpere	banca（钱桌）+ rupt（rumpere 打断）→ 钱桌被砸断，账再也摆不上去 → 还不出钱的	意大利语 banca rotta（被砸断的钱桌）；rotta ← 拉丁语 rupta，出自 rumpere（打断、使断裂）	unable to pay what is owed, or a person in that state	市场上那张收钱的木桌被劈成两截，摊主再没人敢把银子放上去	破产的/破产者/极度缺乏的	The company went bankrupt last spring.|He was declared a bankrupt in court.	the money table smashed – 收钱的桌子被砸断	钱桌断了付不出钱 → 破产的|落到人身上 → 破产者|连别的东西也一样空 → 极度缺乏的	
W	erupt	verb	/ɪˈrʌpt/	rumpere	e-（ex- 出来）+ rupt（rumpere 断裂）→ 封住的地方裂开，里头的东西猛地冲出来	拉丁语 eruptus，erumpere（ex-＋rumpere：破而出）的过去分词	to burst out suddenly and violently	山顶那层硬壳裂开一道口，火光顺着口子直冲上去，山脚的窗玻璃跟着响	爆发/喷发/突然发作	The volcano erupted without warning.|Violence erupted after the match.	break open and burst out – 裂开一道口冲出来	封住的地方裂开冲出 → 爆发、喷发|不是岩浆而是情绪或冲突 → 突然发作	
W	route	noun	/ruːt/	rumpere	rupta（被打断、硬破开的）→ 通俗拉丁语 rupta via（硬开出来的那条道）→ 一条固定走的路	古法语 rute ← 通俗拉丁语 rupta（破开的路），出自拉丁语 rumpere（打断、破开）	a way taken from one place to another	林子里被人踩出一条通道，两边枝条齐齐断在同一个高度	路线/路径/航线	We took the coastal route home.|The bus follows a fixed route.	a way broken through – 硬破开出来的那条道	破开障碍走通的那条道 → 路线、路径|同样固定走的水上或空中一条 → 航线	
W	routine	noun / adjective	/ruːˈtiːn/	rumpere	route（破开出来的固定一条道）+ -ine → 天天走同一条道，走成了定式	法语 routine（走惯的路数）← route（路线）← 通俗拉丁语 rupta，出自拉丁语 rumpere（打断、破开）	a fixed and regular way of doing things	每天七点出门走同一条道，第三百次已经不用看路，脚自己知道在哪拐	例行程序/惯例/日常的	Brushing your teeth is part of the morning routine.|This is a routine inspection.	the path worn by walking it daily – 天天走出来的那条定式	同一条道走成定式 → 例行程序、惯例|作形容词是按定式来的 → 日常的、常规的	
W	enjoy	verb	/ɪnˈdʒɔɪ/	gaudium	en-（进入）+ joy（gaudium 心里高兴）→ 进到那股高兴里去；也指把某物的好处握在手里	古法语 enjoier（使高兴、享有）← en-（入）＋joie（喜悦）← 拉丁语 gaudia，出自 gaudium（喜悦）	to take pleasure in something, or to have the benefit of it	一碗汤喝到最后一口，还用勺把碗底刮了刮	享受/喜爱/享有	We enjoyed the concert very much.|Citizens enjoy equal rights under the law.	step into the gladness – 进到那股高兴里去	泡在那股高兴里 → 享受|长期泡着就成了偏好 → 喜爱|把「握着好处」这一面单拿出来 → 享有	
W	joy	noun	/dʒɔɪ/	gaudium	gaudium（心里高兴）的复数 gaudia → 古法语 joie → 那股劲儿涌上来；也指引起它的那件事	古法语 joie ← 拉丁语 gaudia（gaudium 的复数：喜悦）	great gladness, or a thing that causes it	门一开看见人回来了，手里提的东西掉在地上也顾不上捡	欢乐/喜悦/乐事	Her face was full of joy.|Gardening is one of his great joys.	gladness welling over – 那股高兴涌上来漫出去	涌上来的那股劲儿 → 欢乐、喜悦|引起它的那件事或那个人 → 乐事	
W	rejoice	verb	/rɪˈdʒɔɪs/	gaudium	re-（加强）+ joice（gaudium 心里高兴）→ 那股劲儿一直冒到外面，别人也看得见	古法语 rejoir/resjoir（大为高兴）← re-＋joir（高兴）← 拉丁语 gaudere（心里高兴），名词 gaudium	to feel and show great gladness	全镇的人涌到街上，锅碗瓢盆都敲起来，谁碰见谁都要抱一下	欢欣/庆幸/额手称庆	The whole village rejoiced at the news.|We rejoiced that no one had been hurt.	let the gladness show outside – 让那股劲儿冒到外面来	冒到外面被人看见 → 欢欣、额手称庆|因为躲过一劫才冒出来 → 庆幸	
W	naval	adjective	/ˈneɪvl/	navis	nav（navis 船）+ -al（…的）→ 属于战船的，及操这些船的那支军	拉丁语 navalis（船的），出自 navis（船）	of or relating to a navy or warships	港里一排灰色钢壳船靠着码头，桅上旗子一齐朝同一个方向，甲板上的人列队站着	海军的/军舰的	He served at a naval base for six years.|The naval battle lasted two days.	belonging to the ships of war – 属于战船那一路	属于战船本身 → 军舰的|属于操这些船的那支军 → 海军的	
W	navigation	noun	/ˌnævɪˈgeɪʃn/	navis	nav（navis 船）+ ig（agere 驱动）+ -ation → 拉丁语 navigare（驱船前行）→ 一边把船开出去一边找准方向	拉丁语 navigatio ← navigare，由 navis（船）＋agere（驱动）合成	the act of steering a ship or aircraft and finding the way	夜里舵手对着星子和罗盘来回比对，才把船头拨正半格	航行/导航/航海术	Navigation is difficult in thick fog.|The plane's navigation system failed.	drive the ship and find the way – 把船开出去并找准方向	把船开出去这件事 → 航行|开的时候要找准方向 → 导航|这一整套本事 → 航海术	
W	navy	noun	/ˈneɪvi/	navis	navis（船）→ 古法语 navie（一国的船队）→ 一国的战船连人算作一支；这支人身上那种蓝也随之得名	古法语 navie（船队）← 晚期拉丁语 navigia（navigium 的复数：船只），出自 navis（船）	a country's warships and the people who operate them	一队军舰列成纵队出港，水兵制服是那种近乎发黑的蓝	海军/舰队/藏青色	He joined the navy at eighteen.|She wore a navy coat.	a nation's ships as one force – 一国的船连人算作一支	一国的战船连操船的人 → 海军、舰队|这支人制服上那种深蓝 → 藏青色	
W	plate	noun / verb	/pleɪt/	platea	plat（与 platea 同出希腊语 platys：宽而平的一片）+ -e → 扁平的一片，用来盛放；也指蒙在表面的那一层薄金属	古法语 plate（扁平的一片）← 中世纪拉丁语 plata（金属薄片），或经通俗拉丁语 *plattus，其构形照希腊语 platys（宽而平的）而来；两者同溯 PIE *plat-（摊开）	a flat dish, a thin sheet of metal, or to cover with a thin layer of metal	扁而平的一片瓷，边上抬起一圈浅沿，饭菜都摊在中间那块平面上	盘子/金属板/电镀	She put the fish on a white plate.|The handle is plated with silver.	a broad flat piece – 宽而平的一片	扁平一片用来盛饭菜 → 盘子|同样扁平但是金属 → 金属板|把这层薄金属蒙到别的东西上 → 电镀	
W	plateau	noun	/ˈplætəʊ/	platea	plat（与 platea 同出希腊语 platys：宽而平的一片）+ -eau（小、块）→ 高处那一大块平地；引申为曲线走平的那一段	法语 plateau ← 古法语 platel（扁平的小盘）← plat（平的）← 通俗拉丁语 *plattus，照希腊语 platys（宽而平的）构形，同溯 PIE *plat-（摊开）	a large area of high level ground, or a period of no change	车爬了一整天，上到顶却是一大片平地，风从四面横着刮过来	高原/停滞期	The plateau lies three thousand metres above sea level.|Sales have reached a plateau.	flat ground up high – 高处摊平的一大块	高处那一大块平地 → 高原|曲线爬到某处不再往上 → 停滞期	
W	platform	noun	/ˈplætfɔːm/	platea	plat（与 platea 同出希腊语 platys：宽而平的一片）+ form（形状）→ 一块摊平抬高的面；站上去说话，那套主张也叫它	法语 plateforme（plat 平的＋forme 形状）；plat ← 通俗拉丁语 *plattus，照希腊语 platys（宽而平的）构形，forme ← 拉丁语 forma（形状）	a raised level surface, or the stated aims of a group	比地面高出一截的一条长台，边上一道黄线，人都站在线后头等	站台/平台/纲领	The train leaves from platform four.|Housing was central to their platform.	a flat raised surface to stand on – 摊平抬高、供人站的那块面	抬高摊平供人站候 → 站台|泛指凡摊平抬高的面 → 平台|站上去讲的那套主张 → 纲领	
W	alter	verb	/ˈɔːltə/			中世纪拉丁语 alterare（使成为另一个）← 拉丁语 alter（两者中的另一个）	to change something, or to become different	裁缝把腰身往里收两指，别处一针没动，穿上身却是另一个样子	改变/改动/改衣服	We had to alter our plans.|The tailor altered the sleeves for me.	make it into the other one – 把它弄成另一个样	整体变成另一个样 → 改变|只动其中一处 → 改动|专指改衣服的尺寸 → 改衣服	
W	alternative	noun / adjective	/ɔːlˈtɜːnətɪv/			法语 alternatif ← 中世纪拉丁语 alternativus ← 拉丁语 alternare（轮着来），出自 alter（两者中的另一个）	another possibility that can be chosen instead	路口分出两条道，走上这条，那条的尽头这辈子就到不了	替代方案/可选的/另类的	Is there an alternative to surgery?|They offer an alternative route.	the other one you could take instead – 你本可以走的那另一条	可以换着走的那一条 → 替代方案|作形容词即可换的 → 可选的|不走众人那条 → 另类的	
W	dial	noun / verb	/ˈdaɪəl/	diurnus	dialis（一日的，出自 diurnus）→ 把一天的时辰刻成一圈的那个面 → 凡刻着数字的圆面；作动词是照着圆面上的数字转	中世纪拉丁语 dialis（一日的），出自拉丁语 dies（日）与 diurnus（一日的）；本指日影盘	a round face marked with numbers, or to make a telephone call	圆面上排一圈数字，手指插进孔里转到底再松开，它自己咔咔转回来	刻度盘/表盘/拨号	The dial on the old radio still works.|She dialled the number twice.	a round face where the hours are marked – 把时辰刻成一圈的那个面	日影一圈刻出时辰 → 表盘|凡刻着数字的圆面 → 刻度盘|照着圆面上的数字转 → 拨号	
W	diary	noun	/ˈdaɪəri/	diurnus	diurnus（一日的）→ 拉丁语 diarium（每日的一份、每日所记）→ 按日一条条记下的那本	拉丁语 diarium（每日的份额、日志），出自 dies（日）与 diurnus（一日的）	a book in which you record events day by day	台灯下摊开一本，先写上日期，底下三两行今天发生的事	日记/日记本/记事本	He kept a diary for thirty years.|Let me check my diary for next week.	one day, one entry – 一天记一条	按日记下的那些条目 → 日记|装这些条目的那本 → 日记本|同一本用来记以后的日子 → 记事本	
W	mount	verb / noun	/maʊnt/			古法语 monter（往上走）← 通俗拉丁语 *montare ← 拉丁语 mons（属格 montis：山）	to go up onto something, to increase, or to fix in place	一脚踩住马镫，手一撑翻上去坐稳，脚底下的高度一下就起来了	登上/骑上/增加/安装	He mounted the horse and rode off.|Pressure on the government is mounting.	go up onto it – 往上登到它上面去	往上登到某物上 → 登上、骑上|不是人往上而是数目往上 → 增加|把东西架上去固定住 → 安装	
W	mountain	noun	/ˈmaʊntɪn/			古法语 montaigne ← 通俗拉丁语 *montanea ← 拉丁语 montanus（山地的），出自 mons（属格 montis：山）	a very high natural elevation of the earth's surface	抬头看不到顶，云在半腰横着挂住，人走一天还在脚下那一段	山/山脉/大量	They climbed the mountain in two days.|A mountain of paperwork waited for him.	ground heaped up out of reach – 堆起来高到摸不着顶的那块地	地面隆起特别高的一块 → 山|连成一串的那些 → 山脉|拿它的体量比喻堆起来的东西 → 大量	
W	maintain	verb	/meɪnˈteɪn/	tain	main（manu，← manus 手）+ tain（tenere 握住）→ 手里一直托着不让它塌；话也一样，攥住不松口	古法语 maintenir ← 中世纪拉丁语 manutenere（manu（← manus 手）＋tenere（握住）：手里托住）	to keep something in good condition, or to insist that something is true	屋顶塌了一角，几根柱子从下面撑住不让它继续往下掉，每年还得上一遍油	维持/保养/坚称	The government must maintain public order.|He maintains that he never saw her.	hold it up by hand – 用手一直把它托住	一直托住不让它垮 → 维持|托住之外还得修理 → 保养|攥住自己那句话不松 → 坚称	
W	rein	noun / verb	/reɪn/	tain	re-（往回）+ in（tenere 握住）→ 拉丁语 retinere（往回拉住）→ 手里那两条往回一收就能让马停下的皮带	古法语 reine ← 通俗拉丁语 *retina ← 拉丁语 retinere（re-＋tenere：往回拉住）；与同音的 reign（王权，出自 regnum）不同源	a strap used to control a horse, or to hold something back	手里两条皮带往后一收，马蹄立刻慢下来，头也跟着侧过来	缰绳/控制/约束	She pulled on the reins to stop the horse.|The bank reined in its lending.	the strap you pull back on – 往回一拉就能收住的那条带子	往回拉住马的那条带子 → 缰绳|手里握着这条带子就说得上话 → 控制|不让它跑出界 → 约束	
W	piano	noun	/piˈænəʊ/	planus	planus（平的、无起伏）→ 意大利语 piano（平缓、柔和）→ pianoforte（柔—强，指这件乐器轻按轻响重砸重响）→ 截短成 piano	意大利语 piano（柔和）← 拉丁语 planus（平的、无起伏）；全名 pianoforte（柔—强），后截短	a large keyboard instrument with strings struck by hammers	黑白键排成一长条，指头轻按几乎没声，同一个键砸下去整间屋子都在响	钢琴	She has played the piano since she was six.|A piano stood in the corner of the hall.	the soft-and-loud one – 能轻能重的那件乐器		
W	nice	adjective	/naɪs/			古法语 nice（愚笨、无知）← 拉丁语 nescius（ne-＋scire：不知道的）；词义此后逐级翻转：无知→挑剔→讲究→怡人，故与 sci（知道）一族之间已传不下可学的联系，不归入该族	pleasant, agreeable, or kind	邻居端来一盘还热着的点心，说两句就退出去，把门轻轻带上	好的/令人愉快的/友善的	We had a nice time at the beach.|It was nice of you to call.	pleasant to be around – 待在旁边让人舒服	让人觉得舒服的 → 好的、令人愉快的|待人这样就是 → 友善的	
